2025-12-01T00:58:01,2.896,1102.5,2.22,-142.0,26.3,20.0,39.6
2025-12-01T00:58:02,2.628,1005.9,2.184,-15054.2,26.2,20.0,39.6
2025-12-01T00:58:03,2.544,904.6,2.24,-3778.9,25.0,19.99,39.6
2025-12-01T00:58:04,2.728,1096.9,2.148,-932.0,28.0,20.0,39.6
2025-12-01T00:58:05,2.88,1253.4,2.329,-16781.7,19.0,20.0,39.6
2025-12-01T00:58:06,2.604,947.2,1.898,-750.7,22.2,20.0,39.6
2025-12-01T00:58:07,2.54,985.5,1.97,-6526.1,26.2,20.01,39.6
2025-12-01T00:58:08,2.704,1049.6,2.127,-162.3,24.5,20.0,39.6
2025-12-01T00:58:09,2.692,957.7,1.825,-1026.2,14.9,20.0,39.7
2025-12-01T00:58:10,2.792,991.4,2.14,-3758.1,26.7,19.99,39.6
2025-12-01T00:58:11,2.696,977.0,1.833,-847.4,25.0,19.99,39.6
2025-12-01T00:58:12,2.752,1018.0,2.127,-243.5,22.6,19.99,39.6
2025-12-01T00:58:13,2.54,910.0,1.978,-2248.9,24.6,20.0,39.6
2025-12-01T00:58:14,2.552,977.7,2.127,243.5,15.8,20.0,39.6
2025-12-01T00:58:15,2.696,1038.3,1.737,-507.2,23.0,20.0,39.7
2025-12-01T00:58:16,2.684,976.9,1.866,-4882.8,19.5,19.98,39.6
2025-12-01T00:58:17,2.68,957.4,1.761,-1008.8,24.5,19.97,39.6
2025-12-01T00:58:18,2.82,928.8,1.999,-5538.8,22.3,19.99,39.6
2025-12-01T00:58:19,2.732,1038.3,2.156,-4130.6,26.6,20.0,39.6
2025-12-01T00:58:20,2.984,1282.7,1.825,-32867.7,22.9,19.99,39.6
2025-12-01T00:58:21,2.64,1004.4,1.978,-1256.2,22.9,20.01,39.6
2025-12-01T00:58:22,2.652,997.6,1.809,-897.6,33.1,20.0,39.6
2025-12-01T00:58:23,2.572,1009.8,2.252,-23287.8,25.9,20.0,39.7
2025-12-01T00:58:24,2.36,836.7,2.329,-1942.3,19.3,20.0,39.6
2025-12-01T00:58:25,2.516,857.4,2.027,-15697.6,25.1,20.01,39.6
2025-12-01T00:58:26,2.832,1132.1,2.127,-2643.2,15.9,20.0,39.6
2025-12-01T00:58:27,2.568,986.3,1.934,-14345.8,22.6,20.01,39.7
2025-12-01T00:58:28,2.828,1217.9,1.829,-6553.2,22.1,20.0,39.6
2025-12-01T00:58:29,2.424,912.3,1.833,-3358.6,27.7,19.98,39.7
2025-12-01T00:58:30,2.556,948.7,2.007,-666.8,28.9,19.99,39.6
2025-12-01T00:58:31,2.364,889.8,1.849,-3151.9,24.7,19.99,39.6
2025-12-01T00:58:32,2.564,989.1,2.023,-12106.1,28.3,19.99,39.6
2025-12-01T00:58:42,2.544,905.7,1.894,-14912.2,16.5,19.96,39.6
2025-12-01T00:58:43,2.736,1105.7,1.995,-892.7,27.3,19.96,39.6
2025-12-01T00:58:44,2.684,1061.4,2.123,-9008.2,19.4,19.98,39.6
2025-12-01T00:58:45,2.708,1046.8,1.946,-669.5,29.1,19.98,39.6
2025-12-01T00:58:46,2.656,1035.3,2.172,-365.2,20.3,19.96,39.7
2025-12-01T00:58:47,2.872,1321.5,1.882,-38477.4,20.5,19.96,39.7
2025-12-01T00:58:48,2.628,945.6,1.817,-3915.7,22.8,19.96,39.7
2025-12-01T00:58:49,2.588,1158.2,2.385,-2005.8,22.3,19.96,39.6
2025-12-01T00:58:50,2.948,892.2,1.829,-4659.9,20.1,19.96,39.7
2025-12-01T00:58:51,2.656,1047.8,1.999,-10278.2,26.9,19.95,39.6
2025-12-01T00:58:52,2.62,1005.9,2.264,-1052.1,28.6,19.97,39.6
2025-12-01T00:58:53,2.792,1100.8,2.152,-3050.9,26.8,19.99,39.7
2025-12-01T00:58:54,2.652,995.7,1.793,-605.3,22.8,19.97,39.6
2025-12-01T00:58:55,2.788,1110.0,2.119,-1521.7,21.4,19.97,39.6
2025-12-01T00:58:56,2.824,1103.4,2.317,-16545.1,24.9,19.96,39.6
2025-12-01T00:58:57,2.648,1263.8,2.059,-222.3,27.0,19.99,39.7
2025-12-01T00:58:58,2.452,958.0,1.729,-5145.1,20.9,19.97,39.6
2025-12-01T00:58:59,2.676,1031.0,2.236,-223.2,28.8,19.98,39.7
2025-12-01T00:59:00,3.04,1152.6,2.244,-121.4,25.2,19.98,39.7
2025-12-01T00:59:01,2.728,993.9,1.765,-905.5,31.8,19.97,39.6
2025-12-01T00:59:02,2.616,987.5,2.176,5328.5,36.7,19.99,39.6
2025-12-01T00:59:03,2.868,1107.3,2.027,-4199.8,29.5,20.0,39.7
2025-12-01T00:59:04,2.956,1045.0,2.285,-20.2,25.9,19.97,39.6
2025-12-01T00:59:05,2.664,996.8,2.329,-1379.6,27.4,19.98,39.7
2025-12-01T00:59:06,2.66,994.1,2.184,-19964.1,28.9,19.99,39.6
2025-12-01T00:59:07,2.784,1041.7,1.978,-14729.5,18.1,19.98,39.6
2025-12-01T00:59:08,2.808,899.4,1.962,-4240.3,29.0,19.97,39.6
2025-12-01T00:59:09,2.864,1062.9,1.918,-1294.9,29.0,20.0,39.6
2025-12-01T00:59:10,2.88,952.7,1.878,-14810.3,19.3,19.99,39.6
2025-12-01T00:59:11,2.684,955.6,1.954,-443.9,27.2,19.99,39.6
2025-12-01T00:59:12,2.832,1187.6,2.595,-1370.1,17.4,19.96,39.7
2025-12-01T00:59:13,2.948,1318.0,2.196,-25120.2,25.3,19.98,39.6
2025-12-01T00:59:14,2.932,1057.4,2.059,-1335.4,28.1,19.99,39.6
2025-12-01T00:59:15,2.852,1101.4,1.938,-1094.1,21.4,20.0,39.6
2025-12-01T00:59:16,3.016,1385.4,2.264,-24900.3,20.5,20.01,39.6
2025-12-01T00:59:17,2.928,1171.5,2.252,-14060.1,23.4,19.98,39.6
2025-12-01T00:59:18,2.812,1021.1,2.144,-16101.2,29.8,19.97,39.6
2025-12-01T00:59:19,2.552,977.3,1.999,-7973.5,21.1,19.99,39.6
2025-12-01T00:59:20,2.792,993.4,2.127,-3144.7,22.5,19.97,39.6
2025-12-01T00:59:21,2.7,849.9,1.813,-4159.2,21.5,19.99,39.6
2025-12-01T00:59:22,2.504,949.6,2.321,-2373.8,18.6,20.01,39.6
2025-12-01T00:59:23,2.604,1000.2,2.019,-6910.0,30.2,19.99,39.6
2025-12-01T00:59:24,2.716,977.9,1.942,-14850.5,25.2,19.97,39.6
2025-12-01T00:59:25,2.78,995.9,1.87,-8237.2,21.0,19.98,39.6
2025-12-01T00:59:26,2.84,986.2,1.849,-12558.7,20.8,19.98,39.6
2025-12-01T00:59:27,2.748,1037.5,1.89,-1133.0,29.8,19.98,39.7
2025-12-01T00:59:28,2.804,1280.9,1.978,-791.3,24.2,19.98,39.7
2025-12-01T00:59:29,2.872,1051.1,2.059,-2259.8,21.1,20.01,39.7
2025-12-01T00:59:30,2.872,1261.3,1.785,-14648.4,28.8,19.99,39.7
2025-12-01T00:59:31,2.496,1063.0,2.164,-1318.8,20.1,19.99,39.7
2025-12-01T00:59:32,2.82,1081.6,1.874,-827.3,27.2,19.99,39.7
2025-12-01T00:59:33,2.868,982.7,2.164,-263.0,29.8,20.01,39.7
2025-12-01T00:59:34,2.736,1030.6,1.825,-1007.5,25.1,20.01,39.7
2025-12-01T00:59:35,2.716,1129.6,2.216,-765.7,24.9,20.02,39.7
2025-12-01T00:59:36,2.724,875.5,1.894,-28546.2,26.6,19.99,39.7
2025-12-01T00:59:37,2.5,740.4,2.208,-16853.8,16.7,20.01,39.7
2025-12-01T00:59:38,2.86,1193.8,2.16,-24447.9,24.6,20.0,39.6
2025-12-01T00:59:39,2.7,1021.1,1.922,-806.0,24.8,20.0,39.6
2025-12-01T00:59:40,2.516,900.3,2.172,-833.0,26.4,20.0,39.6
2025-12-01T00:59:41,2.712,1163.0,2.192,-405.8,20.1,20.01,39.6
2025-12-01T00:59:42,3.024,1289.4,2.043,-18573.6,25.9,20.02,39.6
2025-12-01T00:59:43,2.464,945.8,2.228,-527.5,16.0,19.99,39.6
2025-12-01T00:59:44,2.624,984.4,1.882,-15194.0,11.2,20.01,39.6
2025-12-01T00:59:45,2.668,1039.8,2.277,-16291.8,17.7,20.01,39.6
2025-12-01T00:59:46,2.556,920.5,2.091,-689.8,21.8,20.0,39.6
2025-12-01T00:59:47,2.832,1295.6,1.793,-33588.6,22.6,20.01,39.6
2025-12-01T00:59:48,2.748,1048.5,1.874,-16717.9,24.3,19.99,39.6
2025-12-01T00:59:49,2.612,907.8,1.882,-363.2,22.2,19.98,39.6
2025-12-01T00:59:50,2.796,1227.8,1.716,-565.0,23.6,20.0,39.6
2025-12-01T00:59:51,2.58,1046.0,2.196,-9170.5,15.7,20.01,39.6
2025-12-01T00:59:52,2.656,1177.2,1.777,-484.2,23.3,20.01,39.7
2025-12-01T00:59:53,2.792,1242.8,2.414,-16466.9,22.0,20.01,39.6
2025-12-01T00:59:54,2.764,1161.8,1.934,-1699.5,18.6,20.01,39.6
2025-12-01T00:59:55,2.728,945.5,1.769,-6656.5,17.4,19.99,39.6
2025-12-01T00:59:56,2.608,1100.5,2.059,-162.3,15.3,19.99,39.7
2025-12-01T00:59:57,2.784,1110.6,2.103,-16558.2,31.8,20.0,39.6
2025-12-01T00:59:58,2.696,1087.1,2.023,-1600.6,22.7,20.01,39.6
2025-12-01T00:59:59,2.852,976.7,1.849,-6658.4,25.6,20.0,39.6
2025-12-01T01:00:00,2.568,1023.4,2.184,17288.0,22.3,19.98,39.6
2025-12-01T01:00:01,2.848,1288.0,1.954,-16634.0,26.4,19.99,39.6
2025-12-01T01:00:02,2.548,1107.3,2.18,40.4,27.1,20.01,39.6
2025-12-01T01:00:03,2.704,1123.4,1.978,-791.3,20.8,20.01,39.6
2025-12-01T01:00:04,2.448,766.8,1.882,-14466.8,27.3,20.0,39.6
2025-12-01T01:00:05,2.624,1032.6,1.946,-4384.4,24.0,19.98,39.6
2025-12-01T01:00:06,2.808,1138.2,2.011,12416.7,29.2,19.98,39.6
2025-12-01T01:00:07,2.636,1006.1,1.757,-16570.5,28.8,19.99,39.6
2025-12-01T01:00:08,2.472,994.6,1.547,-423.7,32.7,19.97,39.6
2025-12-01T01:00:09,2.452,879.9,1.785,-3449.1,30.0,19.98,39.6
2025-12-01T01:00:10,2.608,1121.3,1.89,-2231.8,27.7,19.96,39.6
2025-12-01T01:00:11,2.544,1024.8,1.652,-1047.8,26.2,19.97,39.6
2025-12-01T01:00:14,2.436,768.4,1.765,-4217.0,29.5,19.98,39.6
2025-12-01T01:00:14,2.52,1000.7,1.805,-464.1,22.2,19.99,39.6
2025-12-01T01:00:14,2.3,837.0,2.176,-1208.9,15.9,19.97,39.6
2025-12-01T01:00:21,2.376,849.3,2.152,242.1,18.3,19.97,39.7
2025-12-01T01:00:21,2.532,852.1,1.829,-4323.8,15.7,19.97,39.6
2025-12-01T01:00:21,2.64,1037.4,1.93,-1672.4,29.0,19.98,39.6
2025-12-01T01:00:21,2.716,1222.6,2.256,-1831.1,25.9,19.98,39.6
2025-12-01T01:00:21,2.684,867.1,1.793,-8100.0,24.1,20.0,39.7
2025-12-01T01:00:21,2.824,1281.6,1.962,-19059.2,28.2,19.99,39.7
2025-12-01T01:00:21,2.768,1095.4,1.958,-101.2,23.3,20.02,39.7
2025-12-01T01:00:22,2.852,1214.8,2.003,-16813.3,21.9,20.0,39.7
2025-12-01T01:00:25,2.696,1045.2,1.962,-4275.0,29.4,20.0,39.7
2025-12-01T01:00:25,2.76,1267.6,2.043,-16697.6,22.9,20.01,39.7
2025-12-01T01:00:25,2.552,1003.9,1.551,-464.7,16.3,20.0,39.6
2025-12-01T01:00:26,2.492,1008.0,2.019,-19793.5,29.3,20.01,39.7
2025-12-01T01:00:27,2.604,1001.1,1.89,-1217.3,21.1,20.01,39.7
2025-12-01T01:00:28,2.588,1082.8,1.483,-911.7,28.1,20.02,39.7
2025-12-01T01:00:29,2.436,989.6,1.849,-7506.3,23.3,20.01,39.6
2025-12-01T01:00:30,2.568,1005.7,1.805,-3606.7,25.8,20.01,39.7
2025-12-01T01:00:33,2.432,913.0,2.003,730.4,16.3,20.0,39.7
2025-12-01T01:00:33,2.568,1016.3,1.898,-1176.7,26.2,20.01,39.7
2025-12-01T01:00:33,2.756,1124.7,1.809,-13978.9,25.3,20.0,39.7
2025-12-01T01:00:34,2.688,1072.1,1.866,-5581.3,21.4,20.02,39.7
2025-12-01T01:00:35,2.38,824.1,2.156,-405.2,17.9,20.03,39.7
2025-12-01T01:00:36,2.864,1187.8,1.995,-10027.9,30.2,20.0,39.6
2025-12-01T01:00:37,2.508,891.6,2.188,-1600.6,20.9,20.01,39.7
2025-12-01T01:00:38,2.756,1059.0,1.878,-6113.6,25.3,20.01,39.7
2025-12-01T01:00:39,2.712,1076.0,1.999,-6451.8,15.0,20.02,39.7
2025-12-01T01:00:40,2.684,1101.0,2.059,-363.7,21.1,20.01,39.7
2025-12-01T01:00:41,2.544,966.8,2.023,-11718.8,31.3,20.03,39.7
2025-12-01T01:00:42,2.672,1087.3,1.958,-4081.4,23.8,20.0,39.7
2025-12-01T01:00:43,2.644,1036.9,2.059,-4483.8,30.6,20.0,39.6
2025-12-01T01:00:44,2.824,1120.4,1.962,-5649.5,30.7,20.0,39.7
2025-12-01T01:00:45,2.76,1012.5,2.103,282.9,19.2,19.98,39.6
2025-12-01T01:00:46,2.512,838.7,2.136,-261.9,30.1,20.01,39.6
2025-12-01T01:00:47,2.612,901.3,1.934,-2041.2,29.4,20.0,39.6
2025-12-01T01:00:48,2.568,858.9,2.127,-665.8,26.1,19.99,39.6
2025-12-01T01:00:49,2.876,1159.0,2.007,-4167.9,28.6,19.99,39.6
2025-12-01T01:00:50,2.576,1105.1,2.24,-926.9,20.2,19.99,39.6
2025-12-01T01:00:51,2.848,1099.1,1.999,-4220.0,20.5,20.0,39.6
2025-12-01T01:00:52,2.964,1292.4,2.144,-28383.9,22.8,20.0,39.6
2025-12-01T01:00:53,2.468,945.6,1.918,-7586.5,12.2,19.96,39.6
2025-12-01T01:00:54,2.816,1209.7,2.281,-16839.6,21.5,20.0,39.6
2025-12-01T01:00:55,2.488,949.5,1.999,-670.5,26.4,20.01,39.6
2025-12-01T01:00:56,2.536,881.0,1.942,-12254.4,24.9,19.99,39.6
2025-12-01T01:00:57,2.608,1040.6,1.588,-1115.9,20.6,20.01,39.6
2025-12-01T01:00:58,2.572,1065.6,2.059,-365.2,12.2,20.0,39.6
2025-12-01T01:00:59,2.716,1207.1,2.011,-1922.1,24.9,20.0,39.6
2025-12-01T01:01:00,2.456,937.2,2.043,-282.9,17.2,20.0,39.6
2025-12-01T01:01:01,2.604,1005.4,1.882,-2118.6,18.0,19.99,39.6
2025-12-01T01:01:02,2.776,1198.6,1.696,40.4,23.4,20.0,39.6
2025-12-01T01:01:03,2.892,1191.5,2.055,-121.7,30.2,20.0,39.6
2025-12-01T01:01:04,2.54,948.5,2.059,-223.2,25.8,20.0,39.6
2025-12-01T01:01:05,2.636,932.8,2.14,121.7,26.5,20.01,39.6
2025-12-01T01:01:06,2.568,800.0,1.741,-3338.4,18.5,19.98,39.6
2025-12-01T01:01:07,2.336,857.3,1.95,-545.5,27.6,20.0,39.6
2025-12-01T01:01:08,2.524,879.3,2.156,-1815.9,19.2,20.03,39.6
2025-12-01T01:01:09,2.712,1092.1,2.325,-16596.2,30.6,19.99,39.6
2025-12-01T01:01:10,2.608,1049.8,1.797,-2495.1,21.0,20.03,39.6
2025-12-01T01:01:13,2.644,1209.7,1.99,-505.1,15.2,20.01,39.6
2025-12-01T01:01:13,2.696,1197.9,1.954,-1813.4,26.5,20.01,39.6
2025-12-01T01:01:13,2.872,1250.6,2.22,-101.4,22.0,20.02,39.7
2025-12-01T01:01:14,2.612,955.3,1.684,-22680.8,20.0,20.0,39.6
2025-12-01T01:01:15,2.852,1068.7,2.003,-1249.2,21.1,20.02,39.6
2025-12-01T01:01:17,2.72,1174.2,2.119,-1712.7,28.7,20.02,39.6
2025-12-01T01:01:17,2.548,1075.7,2.051,-9251.6,25.6,20.02,39.6
2025-12-01T01:01:18,2.516,984.1,1.978,15642.6,30.6,20.0,39.6
2025-12-01T01:01:19,2.664,1062.8,1.99,-7496.4,26.7,20.0,39.6
2025-12-01T01:01:20,2.728,1177.9,1.89,-2820.1,22.3,20.0,39.6
2025-12-01T01:01:21,2.456,945.6,1.99,235.9,16.3,20.01,39.6
2025-12-01T01:01:22,2.684,1074.3,1.995,-3071.1,23.0,20.01,39.6
2025-12-01T01:01:23,2.784,1245.5,2.51,-16689.1,22.3,20.0,39.6
2025-12-01T01:01:24,2.712,1171.4,1.817,-38102.2,31.4,20.0,39.6
2025-12-01T01:01:25,2.728,1085.8,1.805,-4329.8,21.2,20.02,39.6
2025-12-01T01:01:26,2.748,1112.3,1.882,-3677.3,21.0,19.97,39.6
2025-12-01T01:01:27,2.748,1091.4,2.172,-1785.4,26.8,19.99,39.6
2025-12-01T01:01:28,2.504,886.8,2.003,-1420.2,17.0,19.99,39.5
2025-12-01T01:01:29,2.796,1118.7,2.119,-16474.4,25.0,19.99,39.6
2025-12-01T01:01:30,2.548,1248.7,2.115,-40.4,21.9,20.0,39.5
2025-12-01T01:01:31,2.692,1039.2,1.995,-4991.0,21.8,19.99,39.5
2025-12-01T01:01:32,2.628,937.3,1.825,-402.4,18.2,19.99,39.5
2025-12-01T01:01:33,2.604,951.1,1.87,-913.0,26.0,19.97,39.5
2025-12-01T01:01:34,2.72,1111.2,2.051,-14185.0,23.9,19.98,39.6
2025-12-01T01:01:35,2.756,1138.9,2.264,-60.5,22.5,19.98,39.5
2025-12-01T01:01:36,2.792,1182.7,2.244,-16547.7,19.4,19.98,39.6
2025-12-01T01:01:37,2.668,1073.6,2.059,-1398.0,22.9,19.98,39.6
2025-12-01T01:01:38,2.464,902.6,2.111,-1440.5,17.1,19.97,39.5
2025-12-01T01:01:39,2.608,1096.6,1.829,-38853.7,17.5,19.96,39.6
2025-12-01T01:01:40,2.58,1149.8,2.059,-9934.2,20.4,19.96,39.6
2025-12-01T01:01:41,2.512,969.4,1.942,-14364.4,18.4,19.97,39.6
2025-12-01T01:01:42,2.616,1093.4,1.793,-4930.0,26.3,19.97,39.5
2025-12-01T01:01:43,2.716,1203.4,1.878,-13978.9,13.0,19.98,39.6
2025-12-01T01:01:44,2.772,1147.7,1.745,-12170.1,19.8,19.97,39.5
2025-12-01T01:01:45,2.568,943.4,1.894,-2913.5,25.0,19.96,39.6
2025-12-01T01:01:46,2.776,1094.3,1.958,-16657.0,24.7,19.97,39.5
2025-12-01T01:01:47,2.76,1017.7,1.704,-953.6,24.4,19.96,39.5
2025-12-01T01:01:48,2.716,1116.9,2.127,-527.5,23.5,19.94,39.5
2025-12-01T01:01:49,2.696,1042.6,2.188,60.6,22.7,19.96,39.5
2025-12-01T01:01:50,2.62,994.0,1.849,-994.1,24.5,19.96,39.5
2025-12-01T01:01:51,2.58,991.4,2.055,-15456.6,24.8,19.94,39.5
2025-12-01T01:01:52,2.612,902.2,1.87,-1014.4,28.2,19.96,39.6
2025-12-01T01:01:53,2.56,1120.3,1.978,-15031.8,28.2,19.93,39.5
2025-12-01T01:01:54,2.58,1072.5,1.934,-7588.0,20.2,19.95,39.6
2025-12-01T01:01:55,2.644,1009.8,1.962,-1562.2,25.9,19.93,39.6
2025-12-01T01:01:56,2.632,1088.2,1.999,-1582.5,18.6,19.93,39.6
2025-12-01T01:01:57,2.604,1069.7,1.962,-10135.0,17.4,19.93,39.6
2025-12-01T01:01:58,2.56,1038.9,1.89,-8465.8,27.4,19.94,39.6
2025-12-01T01:01:59,2.708,1202.7,1.862,-525.3,30.3,19.95,39.6
2025-12-01T01:02:00,2.568,1121.0,1.95,-16830.5,20.2,19.92,39.6
2025-12-01T01:02:01,2.696,1253.5,1.841,-806.0,22.7,19.9,39.6
2025-12-01T01:02:02,2.552,1070.1,2.059,-20.2,22.7,19.91,39.6
2025-12-01T01:02:03,2.576,1178.8,1.749,-16646.0,26.4,19.91,39.6
2025-12-01T01:02:04,2.612,1049.9,1.89,-626.3,24.7,19.91,39.5
2025-12-01T01:02:05,2.548,964.9,1.87,-547.8,23.9,19.91,39.6
2025-12-01T01:02:06,2.584,807.5,1.922,-3123.1,32.2,19.88,39.6
2025-12-01T01:02:07,2.492,1079.0,1.954,-16787.2,28.6,19.9,39.6
2025-12-01T01:02:08,2.6,958.4,1.894,-6512.7,30.2,19.91,39.6
2025-12-01T01:02:09,2.6,1081.1,1.688,-2089.7,27.1,19.92,39.7
2025-12-01T01:02:10,2.52,1014.3,1.459,-5839.2,20.1,19.91,39.7
2025-12-01T01:02:11,2.2,914.8,1.696,-7973.5,23.4,19.91,39.6
2025-12-01T01:02:14,2.476,1061.5,1.91,-272.0,24.9,19.92,39.7
2025-12-01T01:02:14,2.592,1222.6,1.825,-1215.6,26.0,19.91,39.7
2025-12-01T01:02:14,2.416,1143.4,1.821,-8736.6,33.2,19.92,39.7
2025-12-01T01:02:15,2.196,940.9,1.769,-2525.6,31.8,19.92,39.7
2025-12-01T01:02:16,2.2,949.4,1.769,-3018.8,24.9,19.93,39.7
2025-12-01T01:02:17,2.448,1044.8,2.023,-121.1,30.7,19.93,39.8
2025-12-01T01:02:18,2.064,863.8,1.817,-263.0,19.8,19.93,39.8
2025-12-01T01:02:19,2.268,970.9,1.733,-8716.4,21.0,19.93,39.8
2025-12-01T01:02:20,2.532,1032.4,1.849,-1150.1,25.3,19.93,39.8
2025-12-01T01:02:21,2.416,883.7,1.737,-1715.0,27.6,19.96,39.8
2025-12-01T01:02:22,2.32,952.5,1.805,10900.2,20.8,19.95,39.8
2025-12-01T01:02:23,2.508,1130.1,1.729,-3185.3,19.9,19.93,39.7
2025-12-01T01:02:24,2.368,1113.2,1.805,-2954.0,22.6,19.91,39.8
2025-12-01T01:02:25,2.336,1017.9,1.894,-1339.1,21.8,19.92,39.8
2025-12-01T01:02:26,2.172,1080.5,1.725,-15074.5,23.6,19.92,39.8
2025-12-01T01:02:27,2.292,1101.9,1.894,-1580.3,26.9,19.93,39.8
2025-12-01T01:02:28,2.532,968.2,1.358,-643.9,26.2,19.93,39.7
2025-12-01T01:02:29,2.488,1049.2,1.459,-526.8,27.6,19.94,39.8
2025-12-01T01:02:30,2.4,917.1,1.487,-852.1,22.2,19.95,39.8
2025-12-01T01:02:31,2.636,1280.7,1.62,-730.4,29.4,19.95,39.8
2025-12-01T01:02:32,2.524,1069.4,1.7,-909.2,19.7,19.94,39.8
2025-12-01T01:02:33,2.664,1252.5,1.841,-848.6,22.7,19.94,39.8
2025-12-01T01:02:34,2.58,1069.2,1.721,-1732.8,22.6,19.96,39.8
2025-12-01T01:02:35,2.552,1128.4,1.793,-1029.0,26.9,19.95,39.8
2025-12-01T01:02:36,2.46,1006.9,1.926,-607.8,22.7,19.97,39.8
2025-12-01T01:02:37,2.504,1077.8,2.127,-40.4,24.0,19.96,39.8
2025-12-01T01:02:38,2.336,961.2,1.801,-7539.1,22.4,19.96,39.8
2025-12-01T01:02:39,2.308,919.3,1.805,-17174.0,24.5,19.95,39.8
2025-12-01T01:02:40,2.528,1002.8,1.612,-5972.4,22.7,19.96,39.8
2025-12-01T01:02:41,2.588,1155.9,1.575,-484.9,29.2,19.98,39.8
2025-12-01T01:02:42,2.392,987.3,1.729,-893.9,27.7,19.97,39.8
2025-12-01T01:02:43,2.468,1082.0,1.535,0.0,23.2,19.96,39.8
2025-12-01T01:02:44,2.392,994.0,1.809,-7750.3,22.1,19.97,39.8
2025-12-01T01:02:45,2.368,1022.7,1.604,-6990.8,30.1,19.98,39.8
2025-12-01T01:02:46,2.44,1011.6,1.721,-5104.8,27.0,19.99,39.8
2025-12-01T01:02:47,2.352,1014.8,1.97,-14668.7,22.1,19.97,39.8
2025-12-01T01:02:48,2.428,917.7,1.986,-1313.3,21.8,19.99,39.8
2025-12-01T01:02:49,2.312,916.3,1.829,-1359.3,24.1,19.99,39.8
2025-12-01T01:02:50,2.62,1271.4,1.737,-745.5,20.1,19.99,39.8
2025-12-01T01:02:51,2.452,1053.5,1.765,-3808.2,31.0,20.0,39.8
2025-12-01T01:02:52,2.428,965.6,1.999,-404.1,25.5,19.99,39.7
2025-12-01T01:02:53,2.548,1185.2,1.628,-18704.0,31.5,19.99,39.7
2025-12-01T01:02:54,2.476,1048.4,1.769,60.7,24.0,19.99,39.7
2025-12-01T01:02:55,2.584,1159.4,1.914,-15642.6,28.4,19.96,39.7
2025-12-01T01:02:56,2.512,1002.0,1.467,-791.3,27.4,19.98,39.8
2025-12-01T01:02:57,2.576,1051.4,1.805,-6012.7,22.5,19.99,39.7
2025-12-01T01:02:58,2.392,841.2,1.866,-1454.7,15.6,19.97,39.7
2025-12-01T01:02:59,2.368,1166.8,1.898,-16320.8,18.8,19.99,39.7
2025-12-01T01:03:00,2.592,970.8,1.849,-1753.0,27.6,19.99,39.8
2025-12-01T01:03:01,2.58,1081.2,1.918,-222.3,28.6,19.98,39.7
2025-12-01T01:03:02,2.492,1037.7,1.632,-847.4,19.0,19.98,39.7
2025-12-01T01:03:03,2.352,966.4,1.805,-1785.4,28.8,19.98,39.7
2025-12-01T01:03:04,2.448,1075.1,1.93,-12122.8,30.7,19.97,39.6
2025-12-01T01:03:05,2.372,1122.6,1.805,-12143.0,29.6,20.0,39.7
2025-12-01T01:03:06,2.56,1139.7,1.894,-324.6,22.7,20.0,39.7
2025-12-01T01:03:07,2.652,1177.7,1.825,-16666.1,20.1,20.0,39.7
2025-12-01T01:03:08,2.608,1218.3,1.91,-607.8,31.7,20.02,39.7
2025-12-01T01:03:09,2.42,992.4,1.978,5762.0,30.3,19.99,39.7
2025-12-01T01:03:10,2.576,1118.5,1.648,-10245.8,25.9,20.01,39.7
2025-12-01T01:03:11,2.204,932.5,1.817,-568.1,16.3,19.98,39.7
2025-12-01T01:03:12,2.564,1216.2,1.878,-181.3,19.3,19.98,39.7
2025-12-01T01:03:13,2.348,1048.1,1.841,-12948.9,17.0,20.02,39.7
2025-12-01T01:03:14,2.376,1034.3,1.849,-16628.5,20.5,20.0,39.7
2025-12-01T01:03:15,2.512,854.6,1.741,-5660.5,20.9,20.01,39.7
2025-12-01T01:03:16,2.512,1094.6,1.769,-3075.4,22.3,19.99,39.6
2025-12-01T01:03:17,2.284,1023.5,2.031,-13478.2,26.6,20.02,39.6
2025-12-01T01:03:18,2.432,1035.2,1.741,-16674.5,19.8,20.01,39.6
2025-12-01T01:03:19,2.264,983.6,1.87,-668.6,19.3,20.01,39.6
2025-12-01T01:03:20,2.54,1069.7,1.999,-1916.8,26.9,20.01,39.7
2025-12-01T01:03:21,2.604,1109.0,1.926,-1309.7,22.8,20.0,39.6
2025-12-01T01:03:22,2.316,799.9,1.962,-14466.8,19.4,20.0,39.6
2025-12-01T01:03:23,2.536,1027.6,1.793,-16646.0,27.2,20.0,39.6
2025-12-01T01:03:24,2.724,1208.4,1.712,-40.2,27.5,20.01,39.6
2025-12-01T01:03:25,2.58,1142.8,1.866,-60.9,22.9,20.01,39.7
2025-12-01T01:03:26,2.456,933.3,1.487,-892.7,29.2,20.02,39.6
2025-12-01T01:03:27,2.656,1204.3,1.636,-6167.8,22.3,19.99,39.6
2025-12-01T01:03:28,2.364,877.6,1.853,-12234.1,23.1,19.98,39.6
2025-12-01T01:03:29,2.636,1173.6,2.051,10521.0,22.2,20.0,39.7
2025-12-01T01:03:30,2.612,1109.4,1.93,-1856.3,25.6,20.02,39.7
2025-12-01T01:03:31,2.376,865.6,1.797,-6309.8,20.2,20.01,39.7
2025-12-01T01:03:32,2.588,1258.0,1.68,-605.3,24.5,20.0,39.7
2025-12-01T01:03:33,2.532,1135.8,1.725,-1886.8,24.3,20.0,39.6
2025-12-01T01:03:34,2.376,937.3,1.878,-466.6,26.3,19.99,39.6
2025-12-01T01:03:35,2.456,1028.9,1.753,-4686.7,22.8,20.02,39.6
2025-12-01T01:03:36,2.504,1035.9,1.632,-7898.5,37.8,19.99,39.7
2025-12-01T01:03:37,2.236,1000.9,1.753,-1379.6,21.9,19.99,39.7
2025-12-01T01:03:38,2.516,1057.2,1.749,-3964.8,19.6,19.99,39.7
2025-12-01T01:03:39,2.52,1049.6,1.797,-2485.2,26.1,20.0,39.7
2025-12-01T01:03:40,2.352,1212.4,1.769,-1663.7,22.5,20.01,39.6
2025-12-01T01:03:41,2.388,1051.1,1.704,-16961.3,27.6,20.02,39.7
2025-12-01T01:03:42,2.508,1047.5,1.785,-1907.1,25.9,20.01,39.7
2025-12-01T01:03:43,2.416,997.6,1.608,-14567.3,19.4,19.99,39.6
2025-12-01T01:03:44,2.272,967.1,1.592,-9941.5,22.5,19.98,39.6
2025-12-01T01:03:45,2.32,906.1,1.7,223.2,20.5,20.0,39.6
2025-12-01T01:03:46,2.352,1022.9,1.817,-2078.2,27.4,20.01,39.6
2025-12-01T01:03:47,2.412,1032.6,1.604,-5758.4,21.7,19.99,39.6
2025-12-01T01:03:48,2.244,936.4,1.729,-1988.3,22.3,20.01,39.6
2025-12-01T01:03:49,2.484,1126.5,1.616,101.3,22.2,20.01,39.6
2025-12-01T01:03:50,2.5,1138.1,1.866,-1353.7,17.9,20.01,39.7
2025-12-01T01:03:51,2.48,1120.8,1.712,-1535.6,20.1,20.0,39.6
2025-12-01T01:03:52,2.376,1065.5,1.483,-181.8,18.3,20.0,39.6
2025-12-01T01:03:53,2.392,1091.9,1.721,-706.2,25.6,19.99,39.6
2025-12-01T01:03:54,2.36,1018.3,1.773,-4116.1,22.5,20.0,39.6
2025-12-01T01:03:55,2.472,1070.2,1.733,-2075.4,25.2,19.99,39.6
2025-12-01T01:03:56,2.276,1024.5,1.833,-1947.7,26.0,19.98,39.6
2025-12-01T01:03:57,2.464,1074.6,1.636,-24481.5,29.5,20.03,39.6
2025-12-01T01:03:58,2.452,1100.8,1.914,-9785.9,30.8,19.98,39.6
2025-12-01T01:03:59,2.576,1163.7,1.543,-649.2,20.2,20.01,39.6
2025-12-01T01:04:00,2.156,889.5,1.858,-583.5,26.9,19.99,39.6
2025-12-01T01:04:01,2.644,949.6,1.789,-10286.4,27.3,20.01,39.6
2025-12-01T01:04:02,2.692,873.0,1.809,-4424.8,26.1,19.97,39.6
2025-12-01T01:04:03,2.432,903.2,1.442,-771.0,20.6,19.96,39.6
2025-12-01T01:04:04,2.384,836.4,1.845,-324.6,25.6,20.0,39.6
2025-12-01T01:04:05,2.456,978.4,1.668,-9732.0,30.9,19.98,39.6
2025-12-01T01:04:06,2.644,1118.4,1.753,-22784.2,21.4,19.99,39.7
2025-12-01T01:04:07,2.664,1218.3,1.793,-826.1,19.1,20.0,39.6
2025-12-01T01:04:08,2.624,1131.2,2.059,-16975.2,30.9,19.97,39.6
2025-12-01T01:04:09,2.332,1336.7,1.999,10854.5,25.7,19.99,39.6
2025-12-01T01:04:10,2.38,884.1,2.039,-424.3,23.1,19.99,39.6
2025-12-01T01:04:11,2.552,1040.6,1.982,-7616.4,22.4,19.99,39.6
2025-12-01T01:04:12,2.552,1111.4,1.942,-17143.9,22.2,19.97,39.6
2025-12-01T01:04:13,2.404,919.4,1.999,80.8,27.7,19.97,39.6
2025-12-01T01:04:14,2.62,1093.6,1.894,-7324.2,24.6,19.98,39.6
2025-12-01T01:04:15,2.508,1003.2,1.656,-9616.8,24.4,20.0,39.6
2025-12-01T01:04:16,2.684,1127.8,2.007,-1420.2,18.2,19.98,39.6
2025-12-01T01:04:17,2.368,855.6,1.914,-9434.2,21.9,19.98,39.7
2025-12-01T01:04:18,2.664,1125.0,1.704,-13983.5,30.3,19.99,39.7
2025-12-01T01:04:19,2.6,1176.9,1.914,-525.3,24.7,20.01,39.6
2025-12-01T01:04:20,2.776,1296.0,1.817,-14526.7,21.1,19.97,39.7
2025-12-01T01:04:21,2.416,929.1,1.676,-766.7,26.8,19.96,39.7
2025-12-01T01:04:22,2.412,1011.9,1.99,-2262.9,29.1,19.98,39.6
2025-12-01T01:04:23,2.608,1065.6,1.684,-14465.8,21.7,19.97,39.7
2025-12-01T01:04:24,2.316,939.1,1.805,-344.9,34.9,19.97,39.6
2025-12-01T01:04:25,2.448,949.0,1.805,-1198.7,14.2,19.97,39.6
2025-12-01T01:04:26,2.524,1114.2,1.648,-767.8,28.1,19.97,39.6
2025-12-01T01:04:27,2.572,1175.0,1.632,-443.3,29.3,19.95,39.6
2025-12-01T01:04:28,2.516,1028.1,2.039,-7496.0,28.2,19.97,39.6
2025-12-01T01:04:29,2.62,1240.6,1.571,-16103.7,33.5,19.97,39.6
2025-12-01T01:04:30,2.564,1179.4,1.612,-5140.2,27.3,19.97,39.7
2025-12-01T01:04:31,2.28,1102.1,1.938,-13740.5,26.2,19.99,39.7
2025-12-01T01:04:32,2.724,1232.2,1.874,-3976.6,25.5,19.99,39.7
2025-12-01T01:04:33,2.368,976.0,1.676,-7121.3,26.3,19.97,39.6
2025-12-01T01:04:34,2.432,994.0,1.721,-33192.3,22.4,19.96,39.6
2025-12-01T01:04:35,2.492,1015.1,1.93,-14547.0,12.2,19.97,39.6
2025-12-01T01:04:37,2.608,1069.8,1.999,-81.2,23.6,19.97,39.6
2025-12-01T01:04:38,2.692,1064.2,1.612,-585.1,26.5,19.98,39.6
2025-12-01T01:04:38,2.584,1095.9,1.986,-322.4,26.2,19.98,39.6
2025-12-01T01:04:39,2.656,1229.6,1.898,-1517.4,25.4,19.96,39.6
2025-12-01T01:04:40,2.632,1253.1,1.87,-16738.2,28.8,19.98,39.6
2025-12-01T01:04:41,2.612,1066.7,1.652,-2990.3,18.6,19.98,39.6
2025-12-01T01:04:42,2.524,1084.3,1.833,-4291.8,16.1,19.97,39.6
2025-12-01T01:04:43,2.612,1161.7,2.019,-828.4,21.3,19.98,39.6
2025-12-01T01:04:44,2.496,1028.4,1.866,-789.1,15.2,19.97,39.6
2025-12-01T01:04:45,2.392,998.3,1.729,-5649.5,25.4,19.98,39.6
2025-12-01T01:04:46,2.4,994.4,1.749,-6790.3,19.9,19.98,39.6
2025-12-01T01:04:47,2.636,1155.7,1.813,-771.0,19.1,19.97,39.6
2025-12-01T01:04:48,2.44,932.9,1.555,-969.8,24.4,19.98,39.6
2025-12-01T01:04:49,2.476,1040.3,1.575,-466.0,23.7,19.97,39.6
2025-12-01T01:04:50,2.384,998.6,1.999,5620.0,26.3,19.98,39.7
2025-12-01T01:04:51,2.488,1022.4,1.995,-1171.9,22.3,19.99,39.7
2025-12-01T01:04:52,2.392,945.4,1.87,-1180.7,31.6,20.01,39.7
2025-12-01T01:04:53,2.448,1043.9,1.978,12267.6,25.2,20.0,39.7
2025-12-01T01:04:54,2.512,891.8,1.849,-2929.7,24.1,20.02,39.7
2025-12-01T01:04:55,2.316,963.7,2.003,-2458.2,28.4,20.02,39.7
2025-12-01T01:04:56,2.308,997.8,1.845,-987.3,20.3,19.99,39.7
2025-12-01T01:04:57,2.608,1076.4,1.906,-1088.1,24.1,19.99,39.7
2025-12-01T01:04:58,2.516,1000.5,1.745,-16859.9,30.6,19.99,39.7
2025-12-01T01:04:59,2.472,957.5,1.841,-14364.4,24.3,20.02,39.7
2025-12-01T01:05:00,2.576,966.9,1.716,-5400.0,28.7,20.0,39.7
2025-12-01T01:05:01,2.412,1159.2,1.809,-1010.2,29.6,20.01,39.7
2025-12-01T01:05:02,2.424,1172.1,1.777,-303.9,28.9,19.97,39.7
2025-12-01T01:05:03,2.552,1162.7,1.866,-1329.8,24.5,20.01,39.7
2025-12-01T01:05:04,2.452,986.0,1.725,-28465.0,28.2,19.99,39.6
2025-12-01T01:05:05,2.388,993.2,1.672,-766.7,27.4,19.99,39.6
2025-12-01T01:05:06,2.34,981.8,1.716,-6254.8,21.9,20.01,39.7
2025-12-01T01:05:07,2.384,956.7,1.87,-1916.8,29.5,20.0,39.7
2025-12-01T01:05:08,2.48,1054.9,1.866,-3874.0,22.9,20.0,39.7
2025-12-01T01:05:09,2.548,1094.5,1.946,15969.0,19.4,20.01,39.7
2025-12-01T01:05:10,2.42,849.6,1.882,-2286.3,22.0,19.99,39.6
2025-12-01T01:05:11,2.504,1086.5,1.99,-302.7,23.6,20.0,39.7
2025-12-01T01:05:12,2.548,1144.5,1.853,-1866.6,27.6,19.99,39.6
2025-12-01T01:05:13,2.336,941.3,1.87,-1235.9,18.8,20.04,39.7
2025-12-01T01:05:14,2.64,1279.8,1.636,-689.8,18.8,20.03,39.7
2025-12-01T01:05:15,2.548,1074.9,1.612,-9758.9,23.1,20.03,39.7
2025-12-01T01:05:16,2.496,1013.5,1.958,-1481.1,22.5,20.01,39.6
2025-12-01T01:05:17,2.348,924.7,1.91,-405.8,25.4,20.01,39.6
2025-12-01T01:05:18,2.66,1169.0,1.7,-16758.5,21.1,20.02,39.7
2025-12-01T01:05:19,2.484,972.7,1.684,-809.3,20.7,20.0,39.6
2025-12-01T01:05:20,2.516,1034.0,1.624,-789.1,16.3,20.01,39.6
2025-12-01T01:05:21,2.58,1042.5,2.26,-140.1,22.6,20.01,39.7
2025-12-01T01:05:22,2.424,944.2,1.97,-1329.8,19.5,20.01,39.6
2025-12-01T01:05:23,2.5,992.8,1.93,-1257.9,26.2,20.02,39.7
2025-12-01T01:05:24,2.628,1083.5,1.87,-1014.4,26.3,20.03,39.6
2025-12-01T01:05:25,2.632,1187.5,2.023,-1623.1,29.1,20.01,39.6
2025-12-01T01:05:26,2.268,829.3,1.7,-3408.5,20.7,20.02,39.6
2025-12-01T01:05:27,2.34,998.9,1.898,-7547.4,19.5,20.0,39.7
2025-12-01T01:05:28,2.796,1204.1,2.039,-1175.1,36.0,20.02,39.7
2025-12-01T01:05:29,2.664,1141.5,1.93,-456.6,25.8,20.02,39.6
2025-12-01T01:05:30,2.524,918.6,2.115,-1968.0,21.2,20.05,39.7
2025-12-01T01:05:31,2.5,1064.1,1.878,-2158.9,27.1,20.03,39.6
2025-12-01T01:05:32,2.924,853.8,1.87,-33125.2,19.4,20.02,39.6
2025-12-01T01:05:33,2.74,1124.6,1.745,-16992.2,31.2,20.01,39.6
2025-12-01T01:05:34,2.84,1115.1,1.845,-3124.5,24.4,20.0,39.6
2025-12-01T01:05:35,2.7,1018.9,2.385,-1656.8,31.3,20.0,39.6
2025-12-01T01:05:36,2.528,930.7,1.801,-10088.5,26.4,20.04,39.6
2025-12-01T01:05:37,2.324,1130.0,2.015,-1173.5,26.2,20.02,39.6
2025-12-01T01:05:38,2.552,899.4,1.741,-6597.9,25.6,20.02,39.6
2025-12-01T01:05:39,2.6,1007.4,1.438,-524.6,24.2,20.0,39.6
2025-12-01T01:05:40,2.468,844.5,2.236,-2043.5,19.1,20.01,39.6
2025-12-01T01:05:41,2.408,922.7,1.858,-11909.5,23.0,19.99,39.7
2025-12-01T01:05:42,2.492,1009.5,1.974,-344.9,19.2,20.02,39.6
2025-12-01T01:05:43,2.544,1089.1,1.797,-4634.3,15.3,20.0,39.6
2025-12-01T01:05:44,2.352,851.6,2.26,-1373.9,24.2,20.01,39.6
2025-12-01T01:05:45,2.62,1054.5,1.914,-2856.7,23.6,20.02,39.6
2025-12-01T01:05:46,2.636,1076.1,1.809,-16833.6,21.0,20.01,39.6
2025-12-01T01:05:47,2.404,878.1,2.059,-2602.8,22.3,20.02,39.6
2025-12-01T01:05:48,2.672,1100.9,1.898,-484.2,32.6,20.0,39.6
2025-12-01T01:05:49,2.768,1125.0,1.696,-221.9,26.7,20.0,39.6
2025-12-01T01:05:50,2.4,869.9,1.853,-8393.6,20.9,20.02,39.5
2025-12-01T01:05:51,2.408,803.1,2.176,-16210.7,24.0,20.01,39.6
2025-12-01T01:05:52,2.492,1028.6,1.878,-6850.7,22.0,20.02,39.6
2025-12-01T01:05:53,2.576,921.7,1.66,-585.1,21.1,20.02,39.6
2025-12-01T01:05:54,2.56,1016.8,2.027,-6555.4,23.8,20.01,39.5
2025-12-01T01:05:55,2.552,1009.0,1.942,-1271.1,28.5,20.03,39.6
2025-12-01T01:05:56,2.452,883.4,1.958,-4046.5,25.1,20.0,39.5
2025-12-01T01:05:57,2.448,968.2,1.938,-8671.6,21.3,20.03,39.5
2025-12-01T01:05:58,2.716,1180.2,1.995,-13857.2,21.2,20.0,39.5
2025-12-01T01:05:59,2.348,848.0,2.321,-2028.9,14.5,19.98,39.5
2025-12-01T01:06:00,2.512,882.9,1.922,-4382.4,22.4,20.0,39.5
2025-12-01T01:06:01,2.516,875.6,1.737,-4876.1,19.8,19.99,39.5
2025-12-01T01:06:02,2.624,1126.8,1.89,-6949.4,20.2,19.98,39.5
2025-12-01T01:06:03,2.736,1058.4,2.003,-3570.8,18.9,19.98,39.5
2025-12-01T01:06:04,2.66,1118.3,2.127,-2579.1,27.2,20.0,39.5
2025-12-01T01:06:05,2.776,1056.1,1.813,-16717.9,22.8,19.98,39.5
2025-12-01T01:06:06,2.596,986.4,2.136,-1616.4,23.2,19.99,39.6
2025-12-01T01:06:07,2.632,931.5,1.849,-3875.1,12.8,20.0,39.5
2025-12-01T01:06:08,2.456,899.0,2.321,-1596.2,22.4,19.99,39.5
2025-12-01T01:06:09,2.952,1288.8,2.18,0.0,19.9,19.98,39.6
2025-12-01T01:06:10,2.628,982.4,1.954,-1128.4,20.9,20.0,39.6
2025-12-01T01:06:11,2.488,712.9,1.974,-8465.8,17.1,19.99,39.6
2025-12-01T01:06:12,2.664,1312.4,2.24,-121.7,22.1,19.99,39.5
2025-12-01T01:06:13,2.78,1044.5,1.878,-38179.0,30.5,19.98,39.6
2025-12-01T01:06:14,2.768,1286.9,1.995,-484.2,21.4,19.99,39.6
2025-12-01T01:06:15,2.812,1098.6,2.2,-18582.9,24.8,20.0,39.6
2025-12-01T01:06:16,2.892,1123.9,1.737,-405.8,26.9,19.96,39.6
2025-12-01T01:06:17,2.604,1202.8,2.132,-11815.9,28.3,20.02,39.6
2025-12-01T01:06:18,2.676,1158.8,2.401,-1331.7,28.6,19.98,39.6
2025-12-01T01:06:19,2.46,907.1,1.958,-7730.0,31.0,19.98,39.6
2025-12-01T01:06:20,2.748,1024.1,2.059,-2658.0,23.2,19.97,39.6
2025-12-01T01:06:21,2.688,1015.9,1.612,-1298.5,18.0,19.95,39.6
2025-12-01T01:06:22,2.568,909.0,1.926,-8740.5,28.4,19.97,39.6
2025-12-01T01:06:23,2.768,1045.5,1.793,-17190.7,17.1,19.98,39.6
2025-12-01T01:06:24,2.748,1105.0,1.805,-16880.2,19.8,19.97,39.6
2025-12-01T01:06:25,2.72,1093.8,1.793,-12012.5,17.7,19.96,39.6
2025-12-01T01:06:26,2.524,864.1,1.974,-1927.4,17.1,19.98,39.6
2025-12-01T01:06:27,2.736,1008.0,1.87,-6066.3,22.0,19.98,39.6
2025-12-01T01:06:28,2.716,1087.7,1.849,-892.7,20.5,20.0,39.6
2025-12-01T01:06:29,2.968,1339.0,2.119,-28286.6,20.8,20.0,39.7
2025-12-01T01:06:30,2.776,1085.5,2.188,-2986.2,28.0,19.99,39.7
2025-12-01T01:06:31,2.776,853.8,2.127,-1555.8,21.6,19.97,39.6
2025-12-01T01:06:32,2.6,1022.3,2.18,-3050.9,21.3,19.98,39.6
2025-12-01T01:06:33,2.88,1251.2,2.127,-161.9,28.2,19.96,39.6
2025-12-01T01:06:34,2.468,936.7,2.003,-8950.7,19.2,19.98,39.6
2025-12-01T01:06:35,2.772,1237.5,1.692,101.0,16.8,19.97,39.6
2025-12-01T01:06:36,2.96,1285.7,2.127,-18527.7,27.8,19.97,39.6
2025-12-01T01:06:37,2.664,945.3,2.059,-1318.8,19.7,20.0,39.7
2025-12-01T01:06:38,2.584,938.7,2.232,-223.2,19.3,20.0,39.7
2025-12-01T01:06:39,2.588,1098.0,2.26,-364.2,25.4,19.99,39.6
2025-12-01T01:06:40,2.664,1040.3,1.6,-466.6,30.7,19.97,39.6
2025-12-01T01:06:41,2.876,1208.1,2.127,1947.7,28.3,19.99,39.7
2025-12-01T01:06:42,2.728,1072.1,1.825,-14769.7,17.5,19.98,39.6
2025-12-01T01:06:43,2.868,1078.0,1.999,-1133.0,21.3,19.98,39.7
2025-12-01T01:06:44,2.692,954.7,2.059,-1210.6,34.0,20.0,39.7
2025-12-01T01:06:45,2.776,944.6,2.115,-5254.8,22.2,19.98,39.6
2025-12-01T01:06:46,2.804,955.3,2.385,-1988.3,24.1,20.01,39.7
2025-12-01T01:06:47,2.544,1026.1,2.212,-1477.0,21.8,19.98,39.6
2025-12-01T01:06:48,2.504,868.8,2.188,-15537.4,23.8,20.01,39.7
2025-12-01T01:06:49,2.536,933.4,2.22,-16466.9,21.8,20.01,39.6
2025-12-01T01:06:50,2.824,1078.8,2.119,-14019.5,21.2,19.98,39.6
2025-12-01T01:06:51,2.628,982.2,2.22,-121.6,25.0,19.98,39.6
2025-12-01T01:06:52,2.824,1126.0,2.256,-303.1,21.7,19.98,39.6
2025-12-01T01:06:53,2.508,859.3,1.978,-14019.5,20.8,19.99,39.6
2025-12-01T01:06:54,2.468,986.6,2.176,-9089.3,25.1,19.99,39.6
2025-12-01T01:06:55,2.632,1012.1,2.027,12274.7,31.7,19.99,39.7
2025-12-01T01:06:56,2.668,1023.1,2.273,-15415.2,26.7,19.99,39.7
2025-12-01T01:06:57,2.908,1157.3,1.958,-40.6,28.8,20.0,39.6
2025-12-01T01:06:59,2.452,836.8,1.862,-4188.2,28.1,20.0,39.7
2025-12-01T01:06:59,2.476,741.3,1.995,-6607.0,23.5,19.98,39.6
2025-12-01T01:07:00,2.716,1056.5,1.769,-5133.0,17.7,19.99,39.6
2025-12-01T01:07:01,2.852,1229.9,1.914,-4214.2,29.4,20.01,39.7
2025-12-01T01:07:02,2.664,1018.8,2.373,-17018.9,24.0,19.99,39.6
2025-12-01T01:07:03,2.776,1102.1,2.127,-2860.7,21.2,20.0,39.6
2025-12-01T01:07:04,2.664,1052.3,1.547,-913.0,20.3,20.01,39.6
2025-12-01T01:07:05,2.696,805.3,2.119,-5011.3,19.7,20.01,39.6
2025-12-01T01:07:06,2.656,975.8,1.87,-16833.6,17.9,20.01,39.6
2025-12-01T01:07:07,2.776,1125.6,1.809,-4586.5,25.6,19.98,39.6
2025-12-01T01:07:08,2.84,1193.5,2.132,-10150.6,27.8,20.0,39.6
2025-12-01T01:07:09,2.56,873.2,1.733,60.6,32.0,19.97,39.6
2025-12-01T01:07:10,2.788,1113.7,2.059,-15764.3,22.7,20.0,39.6
2025-12-01T01:07:11,2.864,838.8,1.89,-4565.0,25.3,19.98,39.6
2025-12-01T01:07:12,2.824,1228.9,2.256,-16880.2,23.3,19.98,39.6
2025-12-01T01:07:13,2.704,1077.2,1.89,-547.8,16.5,19.99,39.6
2025-12-01T01:07:14,2.784,1257.9,1.918,-628.9,15.7,19.99,39.6
2025-12-01T01:07:15,2.64,958.2,1.91,-8171.6,19.2,19.99,39.6
2025-12-01T01:07:16,2.5,862.7,1.954,-2320.3,18.5,19.99,39.6
2025-12-01T01:07:17,2.776,1236.1,1.999,-527.5,29.7,19.99,39.6
2025-12-01T01:07:18,2.648,968.7,1.866,-10102.4,19.9,19.99,39.6
2025-12-01T01:07:19,2.796,1053.6,1.805,-16648.7,24.5,20.0,39.6
2025-12-01T01:07:20,2.392,892.4,2.119,-346.9,25.7,19.99,39.6
2025-12-01T01:07:21,2.488,946.8,2.248,-1785.4,23.0,19.99,39.6
2025-12-01T01:07:22,2.712,1060.4,1.801,-6046.0,17.8,19.96,39.6
2025-12-01T01:07:23,2.836,1244.3,1.878,-811.5,32.6,19.99,39.6
2025-12-01T01:07:24,2.76,1187.0,1.805,-3570.8,30.4,19.99,39.6
2025-12-01T01:07:25,2.544,929.3,2.168,-284.0,23.4,19.97,39.6
2025-12-01T01:07:26,2.3,1137.8,1.97,-666.8,27.7,19.96,39.6
2025-12-01T01:07:27,2.516,963.3,1.668,-5341.4,28.2,19.97,39.6
2025-12-01T01:07:28,2.652,1067.0,1.958,-1420.2,32.4,19.97,39.5
2025-12-01T01:07:29,2.656,1086.5,1.805,-4260.6,37.0,19.97,39.6
2025-12-01T01:07:30,2.608,1015.1,1.87,-649.2,16.7,19.94,39.6
2025-12-01T01:07:31,2.448,861.2,1.962,-3002.7,28.2,19.96,39.6
2025-12-01T01:07:32,2.756,1251.8,1.906,-990.0,19.1,19.95,39.6
2025-12-01T01:07:33,2.504,961.2,2.047,-2707.4,24.9,19.96,39.6
2025-12-01T01:07:34,2.736,1226.8,2.051,-687.0,23.0,19.96,39.6
2025-12-01T01:07:35,2.616,997.0,2.14,-2515.8,16.1,19.95,39.6
2025-12-01T01:07:36,2.56,970.1,1.874,-14142.6,23.8,19.95,39.6
2025-12-01T01:07:37,2.496,925.5,2.176,-14385.8,28.3,19.95,39.6
2025-12-01T01:07:38,2.744,1149.4,1.922,-3297.9,22.9,19.93,39.6
2025-12-01T01:07:39,2.732,1091.0,1.866,-27702.9,23.5,19.94,39.6
2025-12-01T01:07:40,2.704,1250.9,1.882,-829.5,25.3,19.95,39.6
2025-12-01T01:07:41,2.424,912.1,1.6,-4767.8,33.4,19.95,39.7
2025-12-01T01:07:42,2.716,1153.8,1.829,-4909.8,16.3,19.94,39.6
2025-12-01T01:07:43,2.532,1125.9,2.059,-1474.9,26.1,19.95,39.6
2025-12-01T01:07:44,2.664,1056.3,1.999,-504.4,20.0,19.95,39.6
2025-12-01T01:07:45,2.768,1083.2,1.829,-5802.6,22.6,19.96,39.6
2025-12-01T01:07:48,2.808,1012.3,1.938,-4159.2,14.7,19.93,39.6
2025-12-01T01:07:48,2.452,821.1,2.333,-1697.2,31.9,19.97,39.7
2025-12-01T01:07:48,2.536,894.5,2.115,-1030.4,32.9,19.97,39.7
2025-12-01T01:07:49,2.856,1261.9,2.039,-1052.1,24.3,19.96,39.7
2025-12-01T01:07:50,2.524,919.9,2.059,-1170.3,23.1,19.94,39.7
2025-12-01T01:07:51,2.844,1217.1,2.156,-1458.8,16.3,19.95,39.7
2025-12-01T01:07:52,2.732,1111.0,2.321,-60.9,28.9,19.94,39.7
2025-12-01T01:07:53,2.668,1053.0,2.264,-80.7,24.4,19.95,39.7
2025-12-01T01:07:54,2.76,1224.3,1.858,-11564.6,22.4,19.94,39.7
2025-12-01T01:07:55,2.732,1234.9,2.329,-16732.4,29.4,19.95,39.6
2025-12-01T01:07:56,2.708,1063.3,1.777,-12587.6,22.9,19.92,39.6
2025-12-01T01:07:57,2.716,1124.9,2.015,-588.4,24.1,19.92,39.6
2025-12-01T01:07:58,2.62,1008.9,2.14,-1632.1,19.7,19.94,39.7
2025-12-01T01:07:59,2.768,1075.5,1.942,-8115.5,27.7,19.92,39.7
2025-12-01T01:08:00,2.756,1107.6,2.059,5339.5,25.8,19.95,39.7
2025-12-01T01:08:01,2.632,968.4,2.321,7002.3,20.6,19.95,39.7
2025-12-01T01:08:02,2.808,1121.8,2.023,-14344.1,22.6,19.94,39.7
2025-12-01T01:08:03,2.456,863.9,2.309,-1638.8,27.7,19.93,39.6
2025-12-01T01:08:04,2.652,935.2,2.268,-1858.8,30.2,19.94,39.7
2025-12-01T01:08:05,3.036,1333.6,2.285,-20338.3,26.8,19.94,39.7
2025-12-01T01:08:06,3.052,1251.7,2.123,-1014.4,31.8,19.95,39.7
2025-12-01T01:08:07,3.1,1353.4,2.22,-1154.9,30.2,19.95,39.7
2025-12-01T01:08:08,2.496,906.9,1.999,-2579.1,19.8,19.96,39.7
2025-12-01T01:08:09,2.744,986.4,1.769,-1331.7,31.5,19.93,39.7
2025-12-01T01:08:10,2.908,1256.5,1.999,-13373.8,26.4,19.96,39.7
2025-12-01T01:08:11,2.704,1017.6,1.684,-302.7,28.5,19.97,39.7
2025-12-01T01:08:12,3.076,1324.4,2.385,-1440.5,22.1,19.98,39.7
2025-12-01T01:08:13,3.064,1357.8,1.97,-771.0,19.1,19.95,39.7
2025-12-01T01:08:14,2.992,1217.6,1.974,-1724.5,18.1,19.96,39.7
2025-12-01T01:08:15,2.952,1250.1,2.232,-3571.3,30.9,19.95,39.7
2025-12-01T01:08:16,2.816,1079.1,1.805,-11666.0,20.8,19.97,39.7
2025-12-01T01:08:17,2.472,841.9,2.393,-1533.4,20.2,19.97,39.7
2025-12-01T01:08:18,2.576,1061.1,2.268,-13803.3,19.8,19.94,39.7
2025-12-01T01:08:19,2.916,1218.2,2.059,-607.0,19.6,19.97,39.7
2025-12-01T01:08:20,2.548,1327.1,2.281,-1434.5,25.0,19.96,39.8
2025-12-01T01:08:21,2.732,927.2,2.188,-562.6,21.6,19.94,39.7
2025-12-01T01:08:22,2.56,898.6,1.825,-4849.3,25.7,19.95,39.7
2025-12-01T01:08:23,2.992,1200.6,2.438,101.3,21.2,19.96,39.8
2025-12-01T01:08:24,2.864,1082.3,2.035,-16995.4,22.2,19.96,39.7
2025-12-01T01:08:25,2.876,1014.3,1.97,-6445.3,23.9,19.97,39.8
2025-12-01T01:08:26,2.824,1189.3,2.059,-16545.1,25.9,19.97,39.7
2025-12-01T01:08:27,2.672,982.9,2.051,-15460.0,22.4,19.94,39.8
2025-12-01T01:08:28,2.792,1244.6,2.144,-886.6,22.9,19.97,39.8
2025-12-01T01:08:29,2.472,848.7,2.015,-2633.9,33.7,19.96,39.8
2025-12-01T01:08:30,2.512,908.5,2.019,-8353.2,21.5,19.97,39.8
2025-12-01T01:08:31,2.84,1116.5,2.011,-1170.3,30.1,19.97,39.8
2025-12-01T01:08:32,2.756,1010.5,1.946,-4378.4,26.3,19.98,39.8
2025-12-01T01:08:33,2.88,1263.1,1.874,-34085.0,19.6,19.99,39.8
2025-12-01T01:08:34,2.736,1198.1,2.051,-13755.7,16.7,19.96,39.8
2025-12-01T01:08:35,2.632,1243.4,2.156,-343.0,24.6,19.98,39.8
2025-12-01T01:08:36,2.756,1251.4,1.704,-13843.6,23.3,19.99,39.8
2025-12-01T01:08:37,2.624,1089.3,2.059,-2049.2,28.3,19.99,39.8
2025-12-01T01:08:38,2.768,1195.0,1.741,-28262.2,20.2,19.99,39.7
2025-12-01T01:08:39,2.436,745.6,1.982,-9476.0,31.8,20.01,39.8
2025-12-01T01:08:40,2.636,1104.3,2.111,12159.8,21.2,19.99,39.8
2025-12-01T01:08:41,2.724,1053.9,1.741,-16706.5,26.5,20.0,39.7
2025-12-01T01:08:42,2.396,1222.4,2.051,-1454.7,23.5,19.98,39.7
2025-12-01T01:08:43,2.536,979.3,1.841,-791.3,23.2,19.97,39.7
2025-12-01T01:08:44,2.784,991.4,1.745,-2941.9,19.9,19.96,39.7
2025-12-01T01:08:45,2.584,1018.0,1.555,-1049.2,15.5,20.0,39.7
2025-12-01T01:08:46,2.62,985.0,1.962,-827.3,22.4,19.98,39.7
2025-12-01T01:08:47,2.608,921.8,2.023,-16143.6,24.3,19.98,39.7
2025-12-01T01:08:48,2.664,1129.6,1.652,-1075.3,23.1,19.98,39.7
2025-12-01T01:08:49,2.568,993.8,1.858,-5660.5,24.2,19.98,39.7
2025-12-01T01:08:50,2.808,1202.2,2.027,-1947.7,27.7,19.99,39.7
2025-12-01T01:08:51,2.396,886.3,1.93,-2799.8,29.8,19.98,39.7
2025-12-01T01:08:52,2.572,1003.4,1.793,-4418.7,14.5,19.99,39.7
2025-12-01T01:08:53,2.472,965.7,2.14,-5234.5,15.8,20.0,39.7
2025-12-01T01:08:54,2.52,933.6,1.966,-4052.1,23.7,20.01,39.7
2025-12-01T01:08:55,2.612,1034.6,2.039,-807.1,25.2,19.98,39.8
2025-12-01T01:08:56,2.564,1187.8,2.256,-282.9,19.2,19.98,39.7
2025-12-01T01:08:57,2.6,958.6,2.22,-243.8,30.6,19.98,39.7
2025-12-01T01:08:58,2.604,1043.5,2.019,-2427.9,24.2,19.99,39.7
2025-12-01T01:08:59,2.504,997.7,1.914,-3205.6,23.8,19.99,39.7
2025-12-01T01:09:00,2.428,936.6,1.999,6938.7,21.3,19.98,39.7
2025-12-01T01:09:01,2.704,992.2,1.845,-7040.2,25.1,19.97,39.7
2025-12-01T01:09:02,2.78,998.8,1.793,-6046.0,21.8,19.98,39.7
2025-12-01T01:09:03,2.436,1210.6,1.97,-791.3,14.0,19.99,39.7
2025-12-01T01:09:04,2.372,1202.2,2.055,-15537.4,27.6,20.0,39.7
2025-12-01T01:09:05,2.512,1008.1,1.87,-4438.9,24.6,19.99,39.7
2025-12-01T01:09:06,2.684,1043.0,1.741,-16504.7,35.7,20.0,39.7
2025-12-01T01:09:07,2.552,1056.7,2.019,-7637.4,21.5,20.0,39.7
2025-12-01T01:09:08,2.524,1054.2,1.769,-730.4,23.4,20.0,39.7
2025-12-01T01:09:09,2.54,1136.0,1.817,-2901.3,29.0,19.99,39.7
2025-12-01T01:09:10,2.392,901.3,1.829,-6240.3,26.0,19.99,39.7
2025-12-01T01:09:11,2.484,1052.0,1.978,-464.1,32.5,19.96,39.7
2025-12-01T01:09:12,2.576,1087.4,2.24,-121.7,17.0,19.97,39.7
2025-12-01T01:09:13,2.372,1006.4,1.914,-1982.8,25.9,19.97,39.7
2025-12-01T01:09:14,2.26,896.7,1.729,-3006.4,21.5,19.96,39.7
2025-12-01T01:09:15,2.332,907.0,1.801,-14446.4,22.2,19.97,39.7
2025-12-01T01:09:16,2.66,1196.4,1.741,-19672.5,24.1,19.96,39.7
2025-12-01T01:09:17,2.536,1056.2,1.753,-1412.4,17.6,19.98,39.7
2025-12-01T01:09:18,2.456,1066.5,2.047,-162.3,23.7,19.95,39.7
2025-12-01T01:09:19,2.648,1230.8,2.019,-13836.9,23.1,19.96,39.7
2025-12-01T01:09:20,2.4,903.0,1.858,-12376.1,22.5,19.97,39.7
2025-12-01T01:09:21,2.576,1062.7,1.995,-464.7,26.2,19.98,39.7
2025-12-01T01:09:22,2.54,1069.0,1.729,-10103.8,18.8,20.0,39.7
2025-12-01T01:09:23,2.612,1032.6,1.753,101.4,28.9,19.98,39.7
2025-12-01T01:09:24,2.688,1151.2,1.942,385.0,24.2,19.97,39.7
2025-12-01T01:09:25,2.692,1122.0,1.656,344.9,26.3,19.97,39.7
2025-12-01T01:09:26,2.548,997.0,1.866,-3753.4,22.5,19.95,39.7
2025-12-01T01:09:27,2.7,1185.8,1.946,-13877.5,27.2,19.98,39.7
2025-12-01T01:09:28,2.74,860.5,1.874,688.9,24.5,19.96,39.7
2025-12-01T01:09:29,2.644,1063.0,2.023,-8039.5,26.8,19.98,39.7
2025-12-01T01:09:30,2.388,1033.9,1.89,2028.9,24.7,19.95,39.7
2025-12-01T01:09:31,2.676,1024.0,2.051,-16648.7,26.9,19.96,39.7
2025-12-01T01:09:32,2.56,1198.8,1.805,-607.0,27.2,19.96,39.7
2025-12-01T01:09:33,2.432,987.9,1.986,-1331.7,21.6,19.95,39.6
2025-12-01T01:09:34,2.664,1080.5,1.817,-4020.7,22.8,19.98,39.7
2025-12-01T01:09:35,2.644,1176.8,1.853,-4404.6,25.2,19.98,39.6
2025-12-01T01:09:36,2.548,1064.0,1.737,-3631.8,10.8,19.98,39.7
2025-12-01T01:09:37,2.38,1037.6,2.051,-7446.0,23.3,19.99,39.7
2025-12-01T01:09:38,2.68,1141.0,1.962,-1623.1,23.7,19.98,39.6
2025-12-01T01:09:39,2.584,1074.7,2.023,-1775.6,17.6,19.98,39.7
2025-12-01T01:09:40,2.396,1006.0,1.817,-2759.3,24.7,19.99,39.7
2025-12-01T01:09:41,2.728,1194.4,1.612,-80.6,32.0,19.97,39.7
2025-12-01T01:09:42,2.62,959.6,1.753,-11577.3,23.7,19.99,39.7
2025-12-01T01:09:43,2.652,1032.0,1.829,-6167.8,32.5,19.97,39.7
2025-12-01T01:09:44,2.536,1061.1,1.628,-9515.4,22.4,19.99,39.7
2025-12-01T01:09:45,2.364,899.9,1.914,-291.0,23.7,20.01,39.7
2025-12-01T01:09:46,2.76,1169.1,1.958,-16941.1,24.7,19.99,39.7
2025-12-01T01:09:47,2.736,1216.3,2.027,-16002.2,20.2,19.98,39.7
2025-12-01T01:09:48,2.612,1017.3,2.059,-161.4,25.9,19.98,39.7
2025-12-01T01:09:49,2.6,917.0,1.942,-382.8,29.9,20.0,39.7
2025-12-01T01:09:50,2.616,1060.4,1.849,-791.3,17.3,20.01,39.7
2025-12-01T01:09:51,2.384,882.2,2.313,-1560.1,16.1,19.97,39.7
2025-12-01T01:09:52,2.64,1095.9,1.797,-8160.4,27.5,20.01,39.7
2025-12-01T01:09:53,2.96,1197.3,1.809,-34603.4,22.1,20.0,39.7
2025-12-01T01:09:54,2.68,1075.2,2.059,-16636.7,14.5,20.0,39.7
2025-12-01T01:09:55,2.34,842.2,2.256,-1773.1,21.1,20.01,39.7
2025-12-01T01:09:56,2.392,813.8,2.289,-1533.4,20.8,20.0,39.7
2025-12-01T01:09:57,2.444,763.4,1.87,-2014.9,23.3,19.99,39.6
2025-12-01T01:09:58,2.584,1116.5,1.894,-4565.0,21.3,20.0,39.7
2025-12-01T01:09:59,2.524,982.5,1.612,-1027.6,23.8,19.99,39.7
2025-12-01T01:10:00,2.612,831.8,1.741,-6614.1,25.7,20.02,39.7
2025-12-01T01:10:01,2.532,1133.2,1.785,-4808.4,22.5,20.01,39.7
2025-12-01T01:10:02,2.628,1264.9,1.765,131.8,24.9,20.0,39.7
2025-12-01T01:10:03,2.644,991.3,1.547,-645.7,24.4,19.98,39.6
2025-12-01T01:10:04,2.832,1157.9,1.612,20.3,20.8,20.01,39.7
2025-12-01T01:10:05,2.652,990.0,1.612,-730.4,20.8,20.0,39.6
2025-12-01T01:10:06,2.596,1077.5,1.934,-990.0,34.2,20.01,39.6
2025-12-01T01:10:07,2.396,872.4,1.914,-8877.8,21.1,19.99,39.6
2025-12-01T01:10:08,2.54,1119.2,1.922,-1438.5,23.2,19.99,39.6
2025-12-01T01:10:09,2.668,1225.4,1.999,-81.2,20.7,19.98,39.6
2025-12-01T01:10:10,2.492,1006.0,1.894,-1013.0,23.0,19.99,39.6
2025-12-01T01:10:11,2.672,1060.5,2.369,-16981.6,19.6,19.99,39.7
2025-12-01T01:10:12,2.712,1081.6,1.809,-6196.6,29.4,19.98,39.6
2025-12-01T01:10:13,2.44,927.2,1.999,-628.9,23.9,19.98,39.7
2025-12-01T01:10:14,2.576,1055.4,2.023,-2107.1,26.7,20.0,39.7
2025-12-01T01:10:15,2.58,1044.2,1.898,-1521.7,25.7,20.0,39.6
2025-12-01T01:10:16,2.588,1034.7,1.97,-2141.7,27.2,20.0,39.6
2025-12-01T01:10:17,2.644,1090.5,2.035,-7576.1,24.5,19.99,39.6
2025-12-01T01:10:18,2.472,840.2,1.958,-2314.0,18.4,19.99,39.6
2025-12-01T01:10:19,2.592,841.2,2.051,-2454.9,29.5,20.0,39.6
2025-12-01T01:10:20,2.688,1156.9,1.745,-24265.3,33.7,20.02,39.7
2025-12-01T01:10:21,2.796,1276.1,1.918,-23190.0,30.6,20.01,39.6
2025-12-01T01:10:22,2.364,944.8,1.914,-3788.0,19.3,20.0,39.6
2025-12-01T01:10:23,2.5,998.3,1.87,-13836.9,18.5,20.0,39.6
2025-12-01T01:10:24,2.7,1130.9,2.176,-1582.5,31.4,20.0,39.6
2025-12-01T01:10:25,2.54,1138.7,1.938,-243.5,23.0,19.99,39.6
2025-12-01T01:10:26,2.584,1068.3,2.156,-2266.1,40.3,20.0,39.6
2025-12-01T01:10:27,2.692,1030.5,1.608,-3127.4,28.2,20.01,39.6
2025-12-01T01:10:28,2.512,1113.5,2.007,-345.4,26.4,20.0,39.6
2025-12-01T01:10:29,2.328,1256.1,1.926,10526.7,28.6,19.99,39.6
2025-12-01T01:10:30,2.636,1166.2,1.934,-2293.8,15.8,19.99,39.7
2025-12-01T01:10:31,2.692,1002.8,1.725,-14506.4,21.6,19.99,39.6
2025-12-01T01:10:32,2.556,1045.1,2.111,-263.8,19.6,19.99,39.6
2025-12-01T01:10:33,2.864,1264.5,1.624,60.9,23.0,20.0,39.6
2025-12-01T01:10:34,2.42,924.8,2.127,-12152.9,22.7,19.98,39.6
2025-12-01T01:10:35,2.88,1284.8,1.745,162.1,26.5,20.0,39.6
2025-12-01T01:10:36,2.512,847.0,1.648,-4775.4,21.1,19.99,39.6
2025-12-01T01:10:37,2.416,958.4,2.156,-1440.5,23.0,19.99,39.6
2025-12-01T01:10:38,2.524,1021.5,1.946,-566.5,19.5,19.97,39.6
2025-12-01T01:10:39,2.728,1002.6,1.571,-344.9,24.8,19.98,39.6
2025-12-01T01:10:40,2.584,1090.5,1.62,-2321.3,18.6,19.97,39.6
2025-12-01T01:10:41,2.628,1169.0,2.148,-16504.7,28.0,19.99,39.6
2025-12-01T01:10:42,2.736,1188.1,1.995,-19943.8,20.3,19.99,39.6
2025-12-01T01:10:43,2.536,1103.5,1.858,-11188.7,21.7,19.98,39.6
2025-12-01T01:10:44,2.72,1307.6,2.115,-13350.0,21.6,19.99,39.6
2025-12-01T01:10:45,2.34,1021.9,1.628,-914.3,22.2,19.98,39.6
2025-12-01T01:10:46,2.384,1180.9,2.188,-15476.8,18.8,19.98,39.6
2025-12-01T01:10:47,2.648,1198.7,1.906,-1618.6,25.1,19.98,39.6
2025-12-01T01:10:48,2.628,1076.9,1.785,-913.0,24.3,19.97,39.6
2025-12-01T01:10:49,2.72,1093.6,2.059,-13779.6,29.7,19.98,39.6
2025-12-01T01:10:50,2.376,1018.6,1.725,-685.1,23.2,20.0,39.7
2025-12-01T01:10:51,2.424,1029.4,1.684,-831.8,26.8,19.99,39.7
2025-12-01T01:10:52,2.68,1096.1,1.89,-11480.7,25.0,19.97,39.6
2025-12-01T01:10:53,2.512,881.1,1.995,-1232.5,31.5,19.99,39.7
2025-12-01T01:10:54,2.456,839.7,2.059,-15236.0,22.6,19.98,39.7
2025-12-01T01:10:55,2.724,1129.6,1.837,-5904.0,27.3,19.99,39.7
2025-12-01T01:10:56,2.356,918.4,2.123,-2309.7,28.4,19.99,39.7
2025-12-01T01:10:57,2.848,1270.2,2.152,-10211.4,28.4,19.99,39.7
2025-12-01T01:10:58,2.66,1033.5,2.14,-8176.3,16.0,19.98,39.7
2025-12-01T01:10:59,2.512,898.9,2.14,-2231.8,24.3,19.99,39.7
2025-12-01T01:11:00,2.552,907.3,1.995,-142.0,17.4,19.99,39.7
2025-12-01T01:11:01,2.56,1248.0,2.011,-13250.5,24.2,19.97,39.6
2025-12-01T01:11:02,2.796,953.2,1.87,-5725.8,27.0,19.96,39.6
2025-12-01T01:11:03,2.456,885.7,2.349,-1879.0,21.5,19.96,39.6
2025-12-01T01:11:04,2.696,1094.2,2.111,-1458.8,19.5,19.98,39.6
2025-12-01T01:11:05,2.788,1208.8,1.769,-34132.5,25.7,19.97,39.7
2025-12-01T01:11:06,2.62,1166.1,1.962,-15236.8,22.3,19.97,39.6
2025-12-01T01:11:07,2.368,970.1,1.785,-4214.2,32.1,19.97,39.7
2025-12-01T01:11:08,2.568,899.4,2.003,-1684.0,27.0,19.99,39.7
2025-12-01T01:11:09,2.724,1251.8,1.978,-892.7,23.2,19.96,39.6
2025-12-01T01:11:10,2.672,1037.7,2.136,-608.7,32.9,19.99,39.6
2025-12-01T01:11:11,2.68,949.1,2.127,-588.4,34.2,19.98,39.7
2025-12-01T01:11:12,2.612,871.5,1.793,-28529.1,21.6,19.98,39.7
2025-12-01T01:11:13,2.748,1131.1,2.019,-16813.3,16.0,19.99,39.7
2025-12-01T01:11:14,2.536,881.0,1.954,-3271.0,20.2,19.97,39.7
2025-12-01T01:11:15,2.412,912.5,2.196,-1055.0,21.6,19.99,39.7
2025-12-01T01:11:16,2.868,1204.8,1.914,-892.7,24.5,19.99,39.7
2025-12-01T01:11:17,2.468,880.1,2.196,423.1,25.8,19.98,39.7
2025-12-01T01:11:18,2.532,871.1,2.127,-527.5,27.6,19.97,39.7
2025-12-01T01:11:19,2.712,1142.0,1.805,-16686.3,38.8,20.0,39.7
2025-12-01T01:11:20,2.676,1245.2,1.809,-973.9,24.8,19.98,39.7
2025-12-01T01:11:21,2.704,1126.0,1.769,-1600.6,25.8,19.98,39.7
2025-12-01T01:11:22,2.74,1060.7,1.805,-6810.4,28.5,20.0,39.7
2025-12-01T01:11:23,2.676,930.0,1.878,100.6,29.4,19.99,39.7
2025-12-01T01:11:24,2.592,1044.9,1.68,141.6,23.8,20.0,39.7
2025-12-01T01:11:25,2.576,933.3,1.858,-603.6,22.6,20.0,39.7
2025-12-01T01:11:26,2.644,1079.1,1.954,-8785.0,24.1,19.99,39.7
2025-12-01T01:11:27,2.708,1073.0,1.853,-953.6,24.8,20.0,39.7
2025-12-01T01:11:28,2.484,862.0,1.89,-1866.6,17.7,20.01,39.7
2025-12-01T01:11:29,2.592,1075.2,1.547,-1034.7,24.5,20.01,39.7
2025-12-01T01:11:30,2.804,1127.3,2.127,141.6,26.4,20.01,39.7
2025-12-01T01:11:31,2.484,830.6,1.906,202.6,19.9,20.01,39.8
2025-12-01T01:11:32,2.616,1160.2,2.127,-222.3,28.3,19.99,39.7
2025-12-01T01:11:33,2.572,983.8,1.656,-446.4,21.4,19.99,39.7
2025-12-01T01:11:34,2.58,1075.4,1.741,-284.0,26.6,19.98,39.7
2025-12-01T01:11:35,2.732,1084.0,1.918,-1014.4,22.4,19.99,39.7
2025-12-01T01:11:36,2.768,1253.9,1.813,-649.7,24.2,20.02,39.7
2025-12-01T01:11:37,2.624,1040.5,1.833,-16535.3,22.2,19.97,39.7
2025-12-01T01:11:38,2.512,1063.8,1.978,7182.2,28.4,20.01,39.7
2025-12-01T01:11:39,2.624,1096.5,1.793,100.7,18.3,19.98,39.7
2025-12-01T01:11:40,2.84,1145.7,2.059,-1370.1,32.3,19.98,39.7
2025-12-01T01:11:41,2.516,899.1,1.926,-710.1,19.2,19.99,39.7
2025-12-01T01:11:42,2.472,1092.4,1.995,-7526.0,22.3,19.97,39.7
2025-12-01T01:11:43,2.376,762.7,2.148,-15358.5,31.7,19.98,39.7
2025-12-01T01:11:44,2.396,885.1,1.946,-2060.9,23.6,20.01,39.7
2025-12-01T01:11:45,2.656,939.8,1.753,-626.3,32.6,19.98,39.7
2025-12-01T01:11:46,2.872,1252.9,2.099,-40.5,20.0,19.96,39.6
2025-12-01T01:11:47,2.536,1028.6,2.059,-8216.9,28.4,19.99,39.7
2025-12-01T01:11:48,2.492,1069.8,2.023,-10108.6,30.3,19.97,39.7
2025-12-01T01:11:49,2.812,1215.8,2.043,-1197.0,24.5,19.96,39.6
2025-12-01T01:11:50,2.588,1087.3,1.938,-4578.9,18.9,19.97,39.6
2025-12-01T01:11:51,2.588,978.3,1.825,-465.4,22.2,19.98,39.7
2025-12-01T01:11:52,2.628,1070.7,1.87,-727.4,27.6,19.97,39.6
2025-12-01T01:11:53,2.692,1154.1,1.894,-1704.3,28.0,19.97,39.7
2025-12-01T01:11:54,2.648,1181.9,1.765,-708.1,30.3,19.98,39.7
2025-12-01T01:11:55,2.66,1078.6,2.277,-1643.4,20.8,19.97,39.6
2025-12-01T01:11:56,2.436,845.7,1.978,-3601.4,18.4,19.96,39.6
2025-12-01T01:11:57,2.764,1074.9,1.974,-2877.0,19.2,20.0,39.7
2025-12-01T01:11:58,2.768,1149.0,1.986,-1318.8,23.7,19.98,39.6
2025-12-01T01:11:59,2.5,852.5,1.733,-4075.7,14.8,19.99,39.7
2025-12-01T01:12:00,2.628,1249.8,1.761,-689.8,19.3,19.99,39.7
2025-12-01T01:12:01,2.556,1153.4,2.039,-121.1,25.3,19.99,39.7
2025-12-01T01:12:02,2.688,965.1,1.737,-4122.4,20.4,19.99,39.7
2025-12-01T01:12:03,2.696,1112.9,1.805,-4265.8,23.0,20.0,39.7
2025-12-01T01:12:04,2.636,1077.2,1.93,-4344.0,22.8,20.01,39.7
2025-12-01T01:12:05,2.52,1011.8,2.115,-1864.0,29.1,20.0,39.7
2025-12-01T01:12:06,2.552,1127.0,1.829,-12477.5,28.1,19.99,39.7
2025-12-01T01:12:07,2.792,1222.2,1.789,-23882.0,20.7,20.0,39.7
2025-12-01T01:12:08,2.648,987.7,2.055,-13755.7,27.7,19.98,39.7
2025-12-01T01:12:09,2.516,856.4,2.184,-2394.1,20.0,19.99,39.7
2025-12-01T01:12:10,2.648,1051.0,1.962,-3046.7,23.1,19.99,39.7
2025-12-01T01:12:11,2.3,839.3,2.011,-2881.0,25.8,20.0,39.7
2025-12-01T01:12:12,2.528,1051.1,1.749,-649.2,16.9,19.98,39.7
2025-12-01T01:12:13,2.448,959.7,1.777,-10221.7,28.2,19.99,39.7
2025-12-01T01:12:14,2.36,799.9,2.123,-2394.5,26.7,20.0,39.7
2025-12-01T01:12:15,2.568,1169.0,1.999,-324.6,25.2,19.98,39.7
2025-12-01T01:12:16,2.368,808.4,2.127,-1891.4,22.9,19.97,39.7
2025-12-01T01:12:17,2.524,1005.3,1.829,-6675.0,19.7,20.0,39.8
2025-12-01T01:12:18,2.476,878.3,2.119,-1886.8,27.3,19.98,39.8
2025-12-01T01:12:19,2.444,978.6,2.136,-2150.6,22.3,19.98,39.7
2025-12-01T01:12:20,2.6,1081.4,2.136,-1072.3,19.5,19.97,39.8
2025-12-01T01:12:21,2.512,957.3,1.825,-5111.8,25.5,19.97,39.7
2025-12-01T01:12:22,2.772,1231.7,1.874,-23433.4,23.8,19.95,39.7
2025-12-01T01:12:23,2.74,1197.0,1.753,-872.4,16.7,19.96,39.7
2025-12-01T01:12:24,2.532,929.6,2.019,5396.8,22.1,19.96,39.7
2025-12-01T01:12:25,2.728,1142.6,2.111,10581.7,17.0,19.96,39.7
2025-12-01T01:12:26,2.616,901.7,2.111,-405.8,31.6,19.93,39.7
2025-12-01T01:12:27,2.76,1092.5,1.87,81.0,27.2,19.95,39.7
2025-12-01T01:12:28,2.388,935.4,2.007,-725.4,25.0,19.93,39.6
2025-12-01T01:12:29,2.732,1058.5,1.918,-5031.0,20.4,19.94,39.6
2025-12-01T01:12:30,2.416,923.4,1.954,-263.8,28.6,19.93,39.7
2025-12-01T01:12:31,2.784,1193.1,1.914,-953.6,22.9,19.93,39.6
2025-12-01T01:12:32,2.412,903.5,2.059,-2173.1,19.6,19.91,39.7
2025-12-01T01:12:33,2.544,845.5,1.853,-37791.4,26.5,19.93,39.7
2025-12-01T01:12:34,2.524,965.9,1.539,101.4,24.0,19.92,39.6
2025-12-01T01:12:35,2.888,1038.5,1.716,-587.6,21.0,19.9,39.6
2025-12-01T01:12:36,2.904,1250.1,1.858,-694.8,24.7,19.93,39.7
2025-12-01T01:12:37,2.508,807.2,2.123,-6411.2,25.2,19.94,39.6
2025-12-01T01:12:38,2.488,919.3,1.922,-4057.7,21.2,19.92,39.7
2025-12-01T01:12:39,2.556,1090.4,2.059,-14527.0,29.3,19.93,39.7
2025-12-01T01:12:40,2.812,1204.1,2.256,-16575.9,26.6,19.93,39.7
2025-12-01T01:12:41,2.752,976.7,2.127,-162.3,20.0,19.95,39.7
2025-12-01T01:12:42,2.616,957.8,1.769,-1115.9,27.8,19.94,39.7
2025-12-01T01:12:43,2.792,1075.7,2.127,-1957.2,28.2,19.93,39.6
2025-12-01T01:12:44,2.58,819.4,2.127,-12257.7,21.6,19.94,39.7
2025-12-01T01:12:45,2.836,1009.8,2.059,-4026.3,32.0,19.91,39.7
2025-12-01T01:12:46,2.756,1066.1,1.966,-1269.4,26.0,19.93,39.7
2025-12-01T01:12:47,2.628,998.5,2.14,-1440.5,24.3,19.95,39.7
2025-12-01T01:12:48,2.712,1017.2,2.232,-202.0,24.2,19.95,39.7
2025-12-01T01:12:49,2.78,1118.2,2.127,-6174.1,23.2,19.94,39.7
2025-12-01T01:12:50,2.68,998.3,2.103,-971.2,24.1,19.93,39.7
2025-12-01T01:12:51,2.412,949.5,2.123,-506.5,26.7,19.92,39.7
2025-12-01T01:12:52,2.44,952.9,2.059,-262.3,26.8,19.95,39.7
2025-12-01T01:12:53,2.548,1045.7,2.059,-304.3,12.3,19.94,39.7
2025-12-01T01:12:54,2.776,1108.9,1.765,-606.1,16.5,19.93,39.7
2025-12-01T01:12:55,2.456,865.5,1.918,-14446.4,30.3,19.95,39.7
2025-12-01T01:12:56,2.744,1161.8,1.817,-4029.8,20.7,19.95,39.7
2025-12-01T01:12:57,2.5,1089.7,1.914,-15175.9,23.3,19.94,39.7
2025-12-01T01:12:58,2.424,887.8,1.894,-7648.8,21.5,19.93,39.8
2025-12-01T01:12:59,2.74,1156.6,2.172,-16778.8,19.3,19.94,39.8
2025-12-01T01:13:00,2.48,923.8,1.652,-669.5,22.3,19.93,39.7
2025-12-01T01:13:01,2.62,939.3,2.059,-1197.0,21.6,19.93,39.7
2025-12-01T01:13:02,2.596,915.0,2.039,-385.5,23.7,19.92,39.8
2025-12-01T01:13:03,2.5,1080.1,1.986,-15480.3,21.1,19.94,39.8
2025-12-01T01:13:04,2.484,916.7,1.785,-3208.1,17.5,19.91,39.7
2025-12-01T01:13:05,2.736,1209.2,1.765,-28425.7,25.4,19.92,39.7
2025-12-01T01:13:06,2.644,1238.7,1.87,-1115.9,23.4,19.94,39.8
2025-12-01T01:13:07,2.448,1046.2,2.281,-16375.4,30.0,19.94,39.8
2025-12-01T01:13:08,2.668,1164.4,1.789,-4727.3,28.8,19.93,39.7
2025-12-01T01:13:09,2.536,1040.3,1.878,0.0,23.7,19.93,39.8
2025-12-01T01:13:10,2.268,957.0,1.954,-4107.2,43.2,19.94,39.8
2025-12-01T01:13:11,2.376,820.1,1.934,-1641.1,16.3,19.96,39.9
2025-12-01T01:13:12,2.708,1142.0,1.813,-1278.2,24.0,19.97,39.9
2025-12-01T01:13:13,2.724,1042.9,1.765,-3803.7,25.1,19.99,40.0
2025-12-01T01:13:14,2.308,814.2,1.946,-9253.8,25.3,19.99,39.9
2025-12-01T01:13:15,2.368,1059.5,1.918,-8845.9,31.8,20.0,39.9
2025-12-01T01:13:16,2.696,1070.2,2.047,-486.9,26.1,20.0,39.9
2025-12-01T01:13:17,2.572,1114.3,1.672,-15333.5,23.5,20.0,39.9
2025-12-01T01:13:18,2.468,880.8,2.337,-2556.4,25.6,20.02,39.9
2025-12-01T01:13:19,2.488,863.4,1.745,-6799.6,26.5,20.01,39.9
2025-12-01T01:13:20,2.52,1210.3,1.741,-6869.6,22.6,20.01,39.9
2025-12-01T01:13:21,2.216,871.3,2.059,-3286.8,18.3,20.04,39.9
2025-12-01T01:13:22,2.388,938.5,1.604,-1033.3,24.1,20.03,39.9
2025-12-01T01:13:23,2.628,1255.9,1.942,-1379.6,23.0,20.01,39.9
2025-12-01T01:13:24,2.408,997.5,1.483,-1136.2,25.0,20.04,39.9
2025-12-01T01:13:25,2.496,1167.3,1.934,-526.8,17.3,20.03,39.8
2025-12-01T01:13:26,2.348,879.1,2.019,-1197.0,24.3,20.04,39.8
2025-12-01T01:13:27,2.376,1002.4,1.938,-7486.1,28.6,20.03,39.8
2025-12-01T01:13:28,2.596,1246.5,2.123,-1611.9,19.7,20.05,39.8
2025-12-01T01:13:29,2.488,1117.2,2.136,-15820.3,28.0,20.05,39.8
2025-12-01T01:13:30,2.5,1078.5,1.898,-6533.0,24.1,20.05,39.7
2025-12-01T01:13:31,2.432,915.3,1.862,-588.4,21.7,20.06,39.8
2025-12-01T01:13:32,2.568,1076.4,1.571,-344.9,29.2,20.08,39.7
2025-12-01T01:13:33,2.48,1009.6,1.974,-1237.6,23.9,20.08,39.7
2025-12-01T01:13:34,2.452,967.6,1.499,-1014.4,22.3,20.07,39.8
2025-12-01T01:13:35,2.644,1107.9,1.632,-11519.6,24.1,20.08,39.7
2025-12-01T01:13:36,2.548,1232.7,1.978,-608.7,18.1,20.08,39.7
2025-12-01T01:13:37,2.528,1088.4,1.954,-1150.1,23.1,20.12,39.7
2025-12-01T01:13:38,2.668,1206.2,1.974,-1800.7,14.5,20.1,39.7
2025-12-01T01:13:39,2.608,968.2,1.999,-486.9,22.1,20.11,39.7
2025-12-01T01:13:40,2.716,1259.7,2.148,-1866.6,30.7,20.1,39.7
2025-12-01T01:13:41,2.652,1194.4,2.059,-1272.9,23.9,20.1,39.6
2025-12-01T01:13:42,2.672,1112.1,1.87,-3794.0,22.1,20.12,39.6
2025-12-01T01:13:43,2.684,982.1,2.281,-426.1,23.0,20.12,39.6
2025-12-01T01:13:44,2.444,1039.4,1.999,-8399.5,25.5,20.12,39.6
2025-12-01T01:13:45,2.628,1134.9,1.89,-1452.7,32.0,20.12,39.6
2025-12-01T01:13:46,2.528,1061.7,1.664,-868.8,23.3,20.12,39.6
2025-12-01T01:13:47,2.472,913.2,1.571,-1008.8,29.3,20.13,39.6
2025-12-01T01:13:48,2.424,902.8,2.051,-705.2,21.7,20.13,39.6
2025-12-01T01:13:49,2.336,959.4,1.805,-4179.5,21.4,20.15,39.6
2025-12-01T01:13:50,2.72,1110.6,1.745,-507.2,35.0,20.14,39.6
2025-12-01T01:13:51,2.56,1024.0,1.89,-8849.7,22.8,20.13,39.5
2025-12-01T01:13:52,2.596,1030.8,2.027,-585.9,21.9,20.15,39.6
2025-12-01T01:13:53,2.568,1094.2,1.805,-949.6,28.8,20.14,39.6
2025-12-01T01:13:54,2.684,1057.9,1.918,-749.6,22.3,20.15,39.5
2025-12-01T01:13:55,2.464,893.0,1.821,-3570.8,25.1,20.14,39.5
2025-12-01T01:13:56,2.556,1040.6,1.845,-11516.7,25.3,20.15,39.6
2025-12-01T01:13:57,2.508,1019.4,1.632,-1030.4,18.5,20.16,39.6
2025-12-01T01:13:58,2.756,1140.1,1.849,-23538.5,24.9,20.15,39.5
2025-12-01T01:13:59,2.616,1138.3,1.898,-11585.8,21.8,20.16,39.5
2025-12-01T01:14:00,2.816,1111.0,1.781,-1133.0,24.9,20.17,39.5
2025-12-01T01:14:01,2.692,964.4,1.95,-627.2,20.1,20.16,39.5
2025-12-01T01:14:02,2.772,1062.0,1.87,-4614.2,19.4,20.16,39.5
2025-12-01T01:14:03,2.588,1084.8,1.825,-1765.1,24.5,20.16,39.5
2025-12-01T01:14:04,2.708,1156.2,1.87,-5721.4,32.7,20.17,39.6
2025-12-01T01:14:05,2.5,893.5,1.89,-426.1,25.0,20.19,39.5
2025-12-01T01:14:06,2.572,1086.3,1.692,-1055.0,30.8,20.17,39.6
2025-12-01T01:14:07,2.488,1095.9,2.043,-486.9,27.4,20.17,39.5
2025-12-01T01:14:08,2.428,1044.8,2.148,-3949.2,24.0,20.18,39.6
2025-12-01T01:14:09,2.668,1077.5,1.712,-15439.7,23.6,20.19,39.5
2025-12-01T01:14:10,2.484,1055.0,1.584,-5907.9,18.6,20.19,39.5
2025-12-01T01:14:11,2.492,1204.6,1.999,-3813.4,25.2,20.18,39.5
2025-12-01T01:14:12,2.472,1147.7,2.059,1150.1,23.9,20.17,39.5
2025-12-01T01:14:13,2.548,1219.3,1.793,-13515.4,19.5,20.17,39.5
2025-12-01T01:14:14,2.408,995.9,1.664,-1197.0,19.5,20.17,39.5
2025-12-01T01:14:15,2.532,1168.9,1.914,-14043.1,29.3,20.15,39.5
2025-12-01T01:14:16,2.476,1162.0,1.97,-2115.7,22.6,20.17,39.5
2025-12-01T01:14:17,2.448,1048.4,2.007,-7052.2,24.1,20.17,39.5
2025-12-01T01:14:18,2.584,1083.4,1.934,-1257.9,24.9,20.18,39.5
2025-12-01T01:14:19,2.6,976.0,1.999,-1533.4,28.2,20.19,39.5
2025-12-01T01:14:20,2.7,1200.8,2.019,-1318.8,30.0,20.18,39.5
2025-12-01T01:14:21,2.708,1182.9,2.204,-15662.9,27.9,20.19,39.5
2025-12-01T01:14:22,2.772,1066.9,1.894,-3808.2,17.0,20.19,39.5
2025-12-01T01:14:23,2.572,922.5,1.745,-852.1,16.6,20.19,39.5
2025-12-01T01:14:24,2.488,1059.8,1.902,-9064.2,26.2,20.2,39.5
2025-12-01T01:14:25,2.496,1133.4,1.91,-3864.4,23.1,20.19,39.5
2025-12-01T01:14:26,2.62,1212.3,2.059,-1798.2,24.9,20.19,39.5
2025-12-01T01:14:27,2.524,1130.1,1.652,-940.7,33.4,20.2,39.4
2025-12-01T01:14:28,2.492,951.7,1.886,-565.0,27.3,20.19,39.5
2025-12-01T01:14:29,2.508,1125.2,1.845,-3982.3,31.9,20.18,39.4
2025-12-01T01:14:30,2.516,1130.7,1.725,-785.8,31.2,20.19,39.4
2025-12-01T01:14:31,2.312,878.8,2.011,-1114.3,18.9,20.19,39.4
2025-12-01T01:14:32,2.392,849.8,1.874,-6404.9,24.7,20.2,39.4
2025-12-01T01:14:33,2.336,849.2,1.882,-11097.9,25.2,20.18,39.4
2025-12-01T01:14:34,2.356,896.2,1.87,-2404.4,21.6,20.19,39.4
2025-12-01T01:14:35,2.38,1135.8,1.93,-2637.5,23.8,20.2,39.5
2025-12-01T01:14:36,2.496,1072.3,1.567,-13390.5,29.9,20.19,39.5
2025-12-01T01:14:37,2.656,1126.5,1.68,-1259.6,19.2,20.2,39.5
2025-12-01T01:14:38,2.384,953.9,1.958,13052.3,30.8,20.18,39.5
2025-12-01T01:14:39,2.428,1023.0,1.378,-892.7,30.9,20.2,39.4
2025-12-01T01:14:40,2.612,1139.6,2.043,-486.9,26.0,20.19,39.4
2025-12-01T01:14:41,2.276,949.2,1.833,-6057.9,22.5,20.21,39.5
2025-12-01T01:14:42,2.344,917.7,1.95,-1111.3,25.6,20.22,39.5
2025-12-01T01:14:43,2.48,927.7,1.664,-706.2,41.6,20.21,39.4
2025-12-01T01:14:44,2.124,877.1,1.612,-4936.5,46.7,20.21,39.4
2025-12-01T01:14:45,2.452,1060.2,1.946,-13816.6,32.0,20.21,39.4
2025-12-01T01:14:46,2.376,1013.4,1.805,-2427.9,23.8,20.21,39.4
2025-12-01T01:14:47,2.62,1186.4,1.632,-16804.4,23.9,20.18,39.4
2025-12-01T01:14:48,2.432,991.3,1.696,-4362.1,27.9,20.18,39.4
2025-12-01T01:14:49,2.356,931.5,1.704,-3915.7,30.2,20.21,39.4
2025-12-01T01:14:50,2.464,910.4,1.551,-781.5,26.7,20.23,39.4
2025-12-01T01:14:51,2.352,942.1,1.789,-2780.6,19.1,20.2,39.4
2025-12-01T01:14:52,2.472,1112.4,1.966,-7597.0,25.4,20.21,39.5
2025-12-01T01:14:53,2.484,905.6,1.898,-646.6,17.9,20.23,39.4
2025-12-01T01:14:54,2.464,1039.0,1.584,-1115.9,30.5,20.21,39.4
2025-12-01T01:14:55,2.348,1067.5,2.019,-12173.2,24.9,20.24,39.4
2025-12-01T01:14:56,2.148,936.8,1.801,-1075.3,25.6,20.21,39.4
2025-12-01T01:14:57,2.66,1162.5,1.539,-686.0,28.5,20.19,39.4
2025-12-01T01:14:58,2.344,1040.0,1.704,-5956.6,23.3,20.22,39.5
2025-12-01T01:14:59,2.564,991.3,1.749,-11480.7,25.1,20.22,39.4
2025-12-01T01:15:00,2.164,1096.5,1.825,-4694.8,29.2,20.22,39.4
2025-12-01T01:15:01,2.284,1084.4,1.696,-5640.3,20.1,20.23,39.4
